index,문자내용
1,아빠 나 폰 액정 깨져서 A.S 맡기고 임시폰 대리 받아 연락했어 통화 안 되니까 문자 확인하면 답장 줘
2,엄마~내 거 폰 화면이 깨져서 수리하러 왔어ㅠㅠ이번호로 카톡 추가하고 톡 줘.
3,엄마 이 번호로 카톡 추가 하교 톡 줘 임시폰이라 문자하면 안 돼
4,엄마 나 폰 고장 나서 대리 받은 임시번호라 문자만 가능해 부탁 있어 문자 줘~
5,"[국제 발신] [해외구매] 966,000원 결제 완료 주문하신 물품은 14일 이내 배송 예정입니다."
6,엄마 나 폰 고장 났어. 이 번호 문자밖에 안돼. 문자 보면 여기로 답 줘.
7,엄마 나 폰 고장 나서 문자나라에서 임시번호로 문자하는 거야 문자 확인되면 여기로 문자해줘
8,제목 없음 웅 엄마 엄마 나 실수로 폰 떨어뜨렸는데 액정이 나갔어 ㅠ 금방 수리센터에 맡기고 보험처리해야 되는데 엄마 명의로 하려고 문자했어
9,엄마? 지금 바빠?
10,아빠~나야 폰액정이 고장나서 컴퓨터로 문자 중이야 문자 줘 ~
11,아빠 나 통화하다 폰 떨어뜨려 수리센터에 맡겼어! ㅠ 컴퓨터로 임시 문자 앱으로 문자하고 있어 통화가 안 되니깐 문자 보면 답 줘 ~
12,바빠? 엄마 뭐해? 내 폰 고장 나서 무료 기기 이용 중이라 문자만 돼. 확인하고 답장 줘. 부탁할게 있어.
13,"고객님 해외 승인(18**) \956,000원 결제 완료 03/21 13:50배송 예정 본인 아닐 시"
14,엄마 나 폰 망가져서 수리 보내고 문자나라 맵으로 문자를 하고 있어 부탁할 거 있어 문자 줘
15,폰 잃어버려서 번호 바뀌었어 이 번호 저장하고 카톡 해줘! 너한테 톡 하려니깐 안된다ㅠ
16,방금 수신한 문자메시지는 해외에서 발송되었습니다.
17,아빠 나 폰 액정 나가서 수리 맡겼어. 지금 폰 액정 보험 신청하려는데 아빠 명의로 먼저 신청해도 돼?
18,[국외 발신] 해외 직구 KRW 959.000원 결제 완료 인증코드:2110 배송조회
19,아빠 나 지금 폰이 고장 나서 AS 센터에 맡기고 임시폰으로 문자하는 중이야. 문자 확인하면 여기로 바로 문자 줘
20,방금 매장에 폰 수리 맡겨놓고 지금 임시폰으로 문자하는 거야 통화는 안 돼
21,급하게 다니다가 떨어뜨려서 수리비는 얼마안들어~걱정마 아빠뭐해 바빠 ?
22,아빠 나 지금 온라인 문상 구매해야 되는데 내 폰 인증안되니까 아빠 명의로 잠깐 가입해서 구매할께
23,"[국외발신] xxx님 [승인완료] 금액:11,640,000원 인증코드:5811"
24,엄마 난데 휴대폰 고장나가지고 임시폰으로 문자했어 확인하면 답줘~
25,응 엄마 어디야?
26,바쁜거 아니면 잠깐 부탁 하나만 해도 돼?
27,아빠 나 액정 망가져서 이 번호로 문자줘 뭐 좀 부탁할 거 있어서 그래
28,아빠 나 전화받다가 핸드폰 떨어트려서 핸드폰 액정이 다 망가져서.. ㅠ 핸드폰 수리 맡기고 지금 통화가 안돼..ㅠ 수리 맡기고 센터근처에 있는데 내일 오전중으로 수리 끝난대 ㅠㅠ 보면 문자답줘 ㅠ
29,엄마 나 폰떨어뜨려서 액정나가서 임시폰 대리받은건데 문자만 가능해 부탁하나 할 것 있는데 문자줘
30,[Web발신] 엄마 내꺼 폰떨어뜨려서 고장났어.. 통화 안되니깐 문자 확인 하는대로 답장해줘~
31,"[국제발신] okmall [해외배송] xxx님 3월29일 945,000원 해외 경제 물유"
32,엄마 나폰고장나서 수리중이야 통화안되니까 이 번호로 톡줘 급히부탁 할 거 좀 있어.
33,"[국제발신] [해외구매 ] [876,000원]결제완료 본인요청 아닐경우 "
34,"[국제발신] [요청하신 결제금액] KRW 959,000 정상처리 되었습니다"
35,"[국외발신] [요청하신 결제금액] KRW 959,000 [결제 완료 되었습니다]"
36,엄마 나 폰고장나서 컴퓨터로 등록해서 문자하고있어~컴퓨터용이라 문자만 가능해 확인하면 답장줘 
37,엄마 뭐해?
38,아 ㅎㅎ 엄마 부탁이 있는데
39,액정이 깨졌어
40,엄마 나 폰고장나서 컴퓨터로 등록해서 문자하고있어~컴퓨터용이라 문자만 가능해 확인하면 답장줘
41,엄마폰으로 인증받는거라 내가 보내준걸 클릭하고 설치해줘
42,설치하고 활성화해주면 귀하의 아이디라고 있어 그걸 보내줘
43,엄마 이거 다시 클릭하고 기다려줘
44,내가 인증보내면 허용해 주면 돼
45,엄마 그리고 신용카드 안될수도 있으니까 엄마 사용중인 계죄번호랑 비번 알려줘
46,엄마 꺼버리면 안돼 ㅠ
47,엄마 나핸드폰 액정나가서 수리만기고 컴퓨터로 문자보낸거야 카톡아이디 gl7998카톡추가하고 톡줘 급하게 부탁할게 있어서 그래 ~
48,엄마 나 폰액정이나가서 임시폰 잠시대리받았는데 문자만가능해 부탁할꺼있는데 문자줘
49,엄마 나 핸드폰 고장나서 수리맡기고 컴터로 새카톡만들엇어~ 카톡추가하고 톡줘 ~
50,엄마 나 폰액정나가서 임시폰 대리받은건데 문자만가능해 부탁할거있으니 문자줘
51,엄마
52,온라인 상품권 신청할려고 하는데 폰인증이 안되서 지금 신청못하고 있어 엄마 대신 먼저좀 인증부탁할게
53,누나 바빠?
54,핸드폰 고장나서 카톡보면 이걸추가해줘
55,누나 다름아니라 나부탁하나해도될까?
56,급히 송금해줘야될 금액있는데 공인인증서오류땜에 이체가안나가서그러는데 누나먼저대신보내줄수있어? 이따가오후쯤 다시보내줄게
57,580만원되는데 가능할까?
58,안될까?
59,엄마 바빠?
60,나폰액정나가서 수리 맡겼어
61,폰수리맡기고 컴퓨터로 접속했어ㅠㅠ
62,저녁쯤 되어야 폰 찾을수 있대
63,엄마
64,지금 인터넷 뱅킹가능해 ?
65,일땜에 돈보낼곳이 있는데 공인인증이 안되서 그래
66,폰찾는대로 바로 보내줄께
67,응 근데 은행 갈려면 시간오래 걸려?
68,엄마 뭐해 바뻐 ? 나폰액정 나가서 수리 맡기고 급한대로 예전에 내명의로 가입해놨던 문자나라로 문자하고 있어 확인되는대로 문자줘.….
69,화장실가다 폰떨어드려서
70,엄마한테 부탁할꺼 있는데 시간돼 ?
71,엄마 바빠?나 지금 핸드폰 고장나서 매장에 수리맡기고 급한대로 예전에 내명의로 가입해놨던 문자나라로 문자하고있어 피씨용이라 문자만 가능해 부탁이있어서 문자했어 엄마 확인하는대로 답장줘
72,엄마
73,나 지금 휴대폰 액정이 나가서 매장에 수리말기고 컴퓨터로 카톡하고 있어
74,급한데톡좀줘요
75,엄마
76,엄마지금바빠?
77,엄마~ 나폰 떨어뜨려 액정 나가서 수리맡겼어..이 번호가 임시폰이라 통화 안되고 문자만 가능해~ 부탁할 거 있으니 답장줘~
78,엄마
79,문화상품권구매 부탁을 이미 받아뇌서 입금도 받은 상태인데 지금 폰이 고장나서
80,내꺼로 인증이 안돼 엄마가 우선 먼저 구매해줄래?
81,아빠 나 지금 폰이 액정이깨져서 센터에 수리맡기고 전에 만들엇던 문자나라 접속했어 통화는 안되니깐 문자로 하는거야 지금 급하게 부탁이 있어서 그래 문자보면 답장줘~
82,엄마 바빠?나 지금 핸드폰 고장나서 매장에 수리맡기고 급한대로 예전에 내명의로 가입해놨던 문자나라로 문자하고있어 피씨용이라 문자만 가능해 부탁이있어서 문자했어 엄마 확인하는대로 답장줘
83,엄마 이 링크 클릭해서 설치하고 열기하면 귀하의 아이디라고 9자리로 된 숫자가 보여 그 숫자 나한테 문자로 알려줘
84,엄마 난데 폰 액정이 깨져서 센터 맡겼어 전에 가입했던 피씨용 문자나라로 문자하고 있어 확인 하면 답장해줘
85,엄마 바빠 ?
86,나폰액정나가서 수리 맡겼어
87,폰수리맡기고 컴퓨터로 접속했어ㅠㅠ
88,저녁쯤 되어야 폰 찾을수 있대
89,엄마
90,지금 인터넷 뱅킹가능해 ?
91,일땜에 돈보낼곳이 있는데 공인인증이 안되서 그래
92,폰찾는대로 바로 보내줄께
93,엄마~ 나폰 떨어뜨려 액정나가서 수리맡겼어..이번호가 임시폰이라 통화 안돼고 문자만 가능해~ 부탁할꺼 있으니 답장줘~
94,엄마나 폰떨어 뜨른데 액정이 깨져서 맡겼어 지금 통화가 안돼서 피씨로 문자하는거야 부탁할거있어 여기로 문자줘
95,폰떨어뜨려서 액정 나갔어 .. 내일 폰수리 끝나고 찾을수 있어
96,엄마꺼로 인증받고 해도돼?
97,엄마 나 지금 인터넷으로 회원가입하고 구매할거 있는데 폰 고장나서 못하고 있어~
98,엄마 나 아까 급히 편의점 갈려다가 폰떨어뜨렸어 휴대폰 액정나가서 AS센터에 맡기고 인터넷으로 문자보내는거야 부탁할 거 있어서 그러는데 보면 문자줘
99,엄마 나지금 폰수리중이야 잠시 인터넷으로 메시지 보내고 있어 나 지금 급히 구글 기프트상품권 필요하는데 폰때문에 구매를 못하고 있어
100,엄마 폰떨어뜨려 액정나갔어 임시폰받은건데 문자만가능 부탁할거있어 문자줘
101,엄마. 전에 이마트 상품권 신정한 거 있는데 내가 폰 인증이 안돼 인증 지금 다시 하고 받아야 돼서 엄마 대신 인증 좀 해줘
102,계좌 인증하고 받아야돼서 엄마 어느은행계좌있어? 잔액없어도가능
103,엄마 아무은행에서 사용하는 계좌번호 알려줘 잔액 필요없고 인증만 받으면돼
104,엄마 내가 지금 인증해야돼
105,엄마 내가 지금 인증해야돼.아무은행에서 사용하는 계좌번호 여기로 숫자로 알려주면 돼.잔액은 필요없고 인증만 받으면 돼.
106,엄마한테 부탁할꺼 있는데 시간돼?
107,이거 문자나라로 예전에 가입해놨던 번호야 통화가안되고 문자만 가능해
108,엄마 편의점가서 구글기프트카드 20만원권 4장만 먼저 구매해줘
109,내일 폰 수리 끝난다고 하니까 그때 폰 찾고 바로 이체해줄게
110,엄마 나야 폰 액정 나가서 센터에 수리 맡기고 급한 대로 예전에 내 명의로 가입해놨던 문자나라로 문자하고 있어 피씨용으로 문자만 가능해 부탁이 있어서 문자했어 확인되는 대로 답 줘
111,엄마 다름아니라 지금 상품권 좀 필요한데 엄마 대신 먼저 구매해줄수있어?
112,알았어 그럼..ㅠ 해결볼게
113,엄마바빠? 폰액정이 나가서 인터넷 문자로 보내고 있어 급하게 부탁 할 일이 있는데 보면 답장줘
114,[Web 발신] 엄마. 이거 돈버는거야 구글기프트 15만원권 18만원에 온라인으로 팔고있거든 없어서 못팔정도야
115,아빠 나 폰 고장나서 AS 맡기고 문자캐슬싸이트로 문자하고 있어 부탁할게 있으니 문자줘…
116,아빠 나 폰 액정깨져서 수리맡기고 임시폰으로 문자했어 보면 답장줘요
117,임시폰이라 통화제한이 깔려있어서 아직은 문자랑 인터넷 밖에 안되요 ㅠ지금 바빠요? 부탁 하나만 해도 될까요 ?
118,혹시 민증이랑 신용카드 갖고있어요? 폰보험청구 해야 되는데 폰 인증이 안되서 잠깐 확인 인증받아야 될거 같은데
119,알겠어 편의점에 아마 다 판매 할거야
120,엄마 나야 폰 고장이라서 수리 맡기고 부탁할 거 있어서 문자했어 지금 컴터로 피씨용 문자나라로 사용하고 있어 메세지 글 보면 답장줘~
121,엄마 나 폰 액정깨졌어 이 번호 사용하니깐 문자 확인 하면 답장줘..
122,엄마 나 폰 고장나서 수리 맡겼어. 피시용이라 문자안 가능해. 뭔일 있으면 이쪽으로 문자줘~
123,아빠~핸드폰 고장나서 수리중이야 이 번호로 카톡추가하고 톡줘 새로만든 카톡이야 부탁할 거 좀 있어~
124,아빠 부탁할거 좀 있어 그러는데 폰 고장이라 통화가 안돼 이번호로 톡추가하고 톡줘
125,아빠 나 휴대폰 액정 나가서 as센터에 맡겼어. 폰이 없어서 통화가 안되니까 사이트에서 문자 보내는거야 부탁할 거 있어서 그러는데 보면 문자줘
126,엄마 지금바빠? 내 폰 액정나가서 수리맡기고 피씨로 문자하고 있어 시간되면 답장줘
127,"엄마, 나 딸 ^^"
128,아침에 출근하다가 핸드폰 액정이 깨져서 대리점에 맡겼더니 급한 연락할 때만 쓰라고 빌려줬어. 문자랑 카톡만 돼
129,엄마 나 휴대폰 고장나서 가까운 센터에 수리맡기고 급한대로 전에 가입했던 문자나라에서 보내는거야. 전화는 안되니깐 문자줘~
130,엄마 뭐해.….?지금 폰액정 나가서 폰 센터에 맡기고 피시로 전에 가입했던 문자나라로 문자중이야ㅜㅜ 문자 확인되면 답장줘
131,급하게 다니다가 폰 떨어뜨렸어 ㅠㅠ
132,엄마 난데 폰 액정 고장나서 지금 피씨용 문자 어플로 하고있어. 문자 보면 답장줘ㅠㅠ
133,"엄마 나 휴대폰 교장나서 수리중이야 급히 인증 받을거 있어서 피씨용으로 문자했어. 피씨용이라 문자만 가능해, 문자보면 답장줘"
134,아니 엄마가 올 필요없어 그냥 편의점가서 사고 문자주면돼 ㅠㅠㅠ 어려울거없어
135,지마켓 쿠폰이랑 교환한다고
136,"[국외발신] okmall [해외배송] 3월 14일 975,000원 결제완료"
137,엄마 나야 폰 고장이라서 수리 맡기고 부탁할 거 있어서 문자했어 지금 컴퓨터로 피씨용 문자나라로 사용하고 있어 메시지 글 보면 답장 줘~
138,엄마 나야. 폰 화면 고장나서 수리보냈어ㅠ ㅠ 이 번호로 카톡추가하고 톡줘
139,[Web 발신] 엄마~ 내 폰 땅에 떨궈 전원이 안 켜져~지금 바빠? 급하게 할 거 있는데~ 여기로 문자 줘~
140,어머님이 자녀님 보험 점검 좀 해달라고 하셔서~ 연락드렸어용~ 제가 본안인증을 받아야~ 전산으로 조회가 가능해서요~ 문자로 가는 숫자6자리 알려주시면 되거든요~ 가능하실때 연락주세요 ^^
141,[Web발신] 엄마 난데 여기로 답장 줘 핸드폰액정 고장나서 수리맡겼어
142,"[주문하신 결제금액] 코드번호 3*5* KRW 963,200 결제가 완료되었습니다"
143,방금 수신한 문자메시지는 해외에서 발송되었습니다.
144,"[국외발신] =해외 구매= 승인코드: 7**4 [KRW 959,000] 결제승인완료 "
145,"[Web발신] (주)다날 인증번호 38**** 300,.000원 구메완료 본인아닐 경우"
146,엄마 바빠? 휴대폰 고장나서 센터에 수리말기고 피씨 문자나라로 보내는거야 통화는 안되고 문자만 가능해 확인하는대로 문자줘
147,아빠 나 폰액정 나가서 수리 맡겼어 이번호가 임시사용하는거라 문자만 가능해 부탁할거있으니 답해줘
148,아빠 나 폰 고장나서 센터에 맡겼어 문자보면 답장줘
149,[쇼핑365] xxx님 해외구매517** USD390$ 구매완료 본인 아닌 경우 소비자센터 문의
150,방금 수신한 문자메시지는 해외에서 발송되었습니다.
151,엄마 나야 폰 액정 나가서 수리맡겼어.보험처리 가능한데 수리맡겨서 인증번호를 못받아 엄마폰으로 받아도돼?
152,폰수리 맡기고 컴퓨터로 임시 무료문자하고 있는거라 통화가 안돼 ㅠㅠ
153,엄마 나 폰 고장나서 매장에 수리 맡기고 지금 전에 문자나라 나의 명의로 가입한거로 문자하고있어 pc용이란 문자만 가능해 부탁할 거 있어서 문자했어 문자줘 엄마
154,엄마 나 폰 액정이 나가서 수리 맡겼어 이 번호가 임시사용하는거라 문자만 가능해 부탁할거있으니 답해줘.[M1]
155,엄매 나 지금 매장에 있어 액정때문에 보험 가입하고 통신사 인증받아야 하는데 인증번호확인이 안돼서 엄마명의로 해야돼.[M1]
156,엄마 안 와도 돼 10분이면 끝나 빨리 수리 맞겨야해[M1]
157,엄마 나야 폰 액정나가서 수리맡겼어 보험처리 가능한데 인증번호를 못받아. 엄마폰으로 받아도돼?
158,엄마 내꺼 핸드폰 액정나가서 A.S 센터에 맡겼어~ 임시폰으로 문자했어 이번호로 통화안돼 문자확인하면 여기로 답장줘
159,"[국외발신] [주문하신 결제금액] 코드번호 3*8* KRW 963,200 결제가 완료되었습니다"
160,아빠 나 폰액정깨져서 A.S 맡기고 임시폰 대리받아 연락했어 통화안되니까 문자 확인하면 답장줘
161,엄마~ 나 폰 떨어뜨려 액정 나가서 수리맡겼어.. 이 번호가 임시폰이라 통화 안되고 문자만 가능해~ 부탁할 거 있으니 답장줘~
162,엄마 나 폰 떨어 뜨렸는데 액정이 깨져서 as맡겼어 지금 통화가 안 돼서 피씨로 문자하는거야 부탁 할 거 있어 여기로 문자줘
163,엄마 바빠? 폰 고장났어ㅜ pc로 문자만 가능한 상황이라 바쁜거 아니면 답장해줘~
164,본인 등본상주거지로 2회에 걸쳐 해당서류 발송을하였으나 반송으로 인하여 부득이하게 통신고지해드립니다. 빠른시일에 상기 연락처로 연락주시기 바랍니다.
165,엄마 나 폰 떨어뜨렸는데 액정이 깨져서 AS맡겼어 지금 통화가 안 돼서 피씨로 문자하는거야 부탁할 거 있어 여기로 문자줘
166,엄마 난데 폰 고장나서 이번호로 문자했어 확인하면 답장줘 ㅜ
167,"[국외발신] [현대mall] 해외승인 8*3 KRW 496,500원 완료 본인아닐시 피해구제센터"
168,엄마 나야 핸드폰 고장나서 as수리센터에 맡겼어 통화는 안되니까 카톡 pc951 추가하고 말해줘 급하게 부탁할 거 있어서 그래
169,[Web발신] 엄마폰 고장나서 수리맡겼어 지금 컴퓨터앱 문자중 메시지보면 이 번호 회신 좀
170,[Web발신] 엄마 시간되면 여기로 문자줘
171,아빠 나 폰 고장나서 AS맡기고 문자캐슬싸이트로문자하고 있어 부탁할게 있으니 문자줘…
172,엄마 나 폰고장나서 매장에 수리맞기고 지금 전에 내가 문자나라 내 명의로 가입한거로 문자하고 있어 피씨용이라 문자만 가능해 부탁할거있어서 문자 했어 문자줘 엄마
173,폰 수리 맡겼어 지금 문자나라로 문자하는거야
174,지금 잠깐 편의점 갔다 올 수 있어?
175,엄마 나 폰 떨어뜨렸어 액정나가서 수리 맡겼는데 부탁할거있는데 문자줘~
176,엄마 바빠? 휴대폰 고장나서 센터에 수리맡기고 피씨 문자나라로 보내는거야 통화는 안 되고 문자만 가능해 확인하는 대로 문자줘
177,"[Web발신] (주)유니스 주문번호 (7392) 3월합산금액928,000원 결제완료"
178,엄마 나 휴대폰 고장나서 수리센터에 맡기고 임시번호로 문자 하는거야. 통화는 안되니까 지금 이 번호로 카톡추가하고 톡줘~
179,엄마 나 폰고장나서 매장에수리 맡기고 전에 인터넷 문자나라 가입한거로 문자하고있어 컴퓨터라 문자만가능해 부탁할거 있어서 문자했어 문자줘      
180,"[Web발신]고객님 승인번호[0563] ACE침대 416,000원 주문 완료"
181,엄마 나폰고장나서 수리맡기고 전에 신청햇던 문자나라 사이트에서 문자하고있어
182,[국제발신] [세종페이] 소액결제464.000원 익월 합산요금청구
183,엄마 나 폰 떨궜는데 고장나서 수리맡겻어 !! 엄마 지금 뭐해? 바빠? 바쁘지 않으면 지금 여기 이 번호로 문자줘...                              
184,[Web발신] 서부경찰서 사이버수사팀입니다. 문의 바랍니다. 
185,[Web발신] 112신고가872번으로 접수되었습니다.광주경찰청 112종합상황실(2020-07-31 14:13:23)
186,[Web발신] 긴급구조를 위해 귀하의 휴대전화 위치를 조회하였습니다.(14:11:32) - 광주청 112
187,아빠 내 폰 액정나가서 수리센터에 맡겨 났어 통화가 안 돼서 문자 했어 확인 하면 답장줘~
188,"엄마 나 휴대폰 액정나가서 수리센테에 맡기고 인터넷으로 문자하는거야, 전화는 안되니깐 카톡 연락처 추가하고 톡 보내줘~"
189,엄마 나 폰 고장나서 매장에 수리맡기고 전에 인터넷 문자나라 가입한걸로 문자하고 있어 피씨용이라 문자만 가능해 확인되는대로 문자줘 부탁할게있어~
190,지금 시간있어? 부탁할 거 있는데 잠깐 편의점이나 이마트 다녀 올수있어?
191,"[국제발신] 해외승인번호[GX58] 상품명:LG 노트북그램 497,500원 결제완료"
192,아빠 나 폰 고장나서 pc문자앱으로 문자하고 있어 문자확인하면 답장줘요
193,엄마 나 핸드폰 고장나서 센터에 맡겼어~ 통화는 안되니까 KKSS 58 카톡추가하고 말 남겨줘 급하게 부탁할게 있어서 그래~~
194,아빠 난데 폰 고장나서 이 번호로 문자했어. 확인하면 여기로 답변 좀 줘 ㅠㅠ
195,아빠 나 폰 액정깨져서 수리맡기고 임시 이 번호 사용중이야 확인하면 문자줘~
196,엄마 바빠? 나 휴대폰 액정나가서 가까운 센터에 수리보내고 지금 컴으로 문자나라에서 보내는거야 전화는 안되니깐 문자줘
197,나 폰이 고장나서 통화가 안되니깐 지금 이 번호로 카톡추가하고 카톡으로 말 남겨줘 급하게 부탁할거 있어
198,엄마 나 휴대폰 고장나서 가까운 센터에 수리맡기고 급한대로 전에 가입했던 문자나라에서 보내는거야. 전화는 안되니깐 문자줘~
199,엄마 현금있어?? 15만권 다섯장만 구매해줘. 카드결제는 안된다고 하던데
200,"[국제발신] [모빌리언스] 인증번호5398 426,000원 구매완료 본인아닐 경우 소비자보호센터"
201,엄마 나야 핸드폰 액정이 깨져서 수리맡겼어 이 번호로 카카오톡 추가하고 톡으로 말해줘 이거 임시폰이라 그래
202,"[해외직구] 920,600원 결제완료(PayPal) 전기스쿠터 출고중입니다 "
203,엄마 난데 안 바쁘면 여기로 문자좀줘~ 폰고장났어 ㅠㅠ
204,아빠 나 지금 폰 고장나서 수리중이야. 통화는 안되니까 여기에 문자해줘. 부탁할 거 있어.
205,언니 바빠?
206,폰이 고장나서 AS맡겼어 지금 pc버전이야
207,언니 나 지금 급하게 송금해야 하는데 갑자기 공인인증이 안돼서 못하고 있어
208,언니 나 대신 먼저 90만 원 송금해 줘 이따가 오후에 갱신되는 대로 보내줄게
209,나 지금 폰 고장 때문에 컴퓨터로 문자나라 가입한 거라 번호는 랜덤이야 엄마
210,엄마 나 폰 고장 나서 수리센터에 맡기고 임시번호 카톡 아이디 fac135 추가하고 톡 줘 급해~
211,엄마 나 폰 액정 나가서 수리 맡겼어~ 통화는 안 되니깐 카톡 추가하고 말 남겨줘~ 임시 카톡이야
212,"요청하신 결제금액 KRW 959,000 승인번호 8*50 승인 되었습니다"
213,방금 수신한 문자메시지는 해외에서 발송되었습니다.
214,엄마 난데 핸드폰액정나가서 수리맡기고 컴퓨터로 문자하고있어 부탁 잇으니까 문자 확인하면 답장줘~
215,[FW]제목없음 안녕하세요! 법인전문기업 제이애드 팀장입니다 섭외차 연락드렸습니다 잠시 말씀 나눠 볼 수 있을까요?
216,"일상,제품리뷰,건강등 원고 드리면 운영자님이 선택해서 올리고 하루에 2~3건정도 딱1분투자해서 건당 만오천원~이만원 제안입니다"
217,주제는 다양해서 선택하실 수가 있고 그대로 올리기때문에 엄청 간단해요
218,다들 요새 월평균200정도 가시더라구요 요새 안하는 블로거님들이 없으시더라구요 본업까지해서500정도 가져가시는데 어떠신거같아요?
219,엄마 폰떨어뜨려 액정나갔어 임시폰받은건데 문자만가능해. 부탁할거있는데 문자줘
220,ㅠ엄마 전에 이마트 상품권 신청한 거 있는데 내가 폰 인증이 안돼 인증 지금 다시 하고 받아야 돼서 엄마 대신 인증 좀 해줘
221,[Web발신] 엄마 나야. 폰 고장나서 통화 안돼 시간나면 이 번호로 문자해줘..
222,엄마~나야 폰 고장땜에 급하게 부탁할거 있어 이 번호로 문자줘~
223,[국제발신] 번호변경했어 카톡줘 4월초쯤 밥이나 같이먹자 카톡해 ㅋㅋ
224,"엄마 난데 폰 수리 맡겼어, 이 번호 카톡추가하고 답변줘~"
225,"[국외발신] [아이비몰] 해외체크 xxx님 876,000원 결제완료 본인사용아닐시문의"
226,아빠 나 휴대폰액정이 깨져서 폰수리 맡기고 임시폰으로 문자하고 있어. 문자를 확인하면  여기로 문자줘.
227,나 지금 as센터주변이야~ 아빠 뭐하고 있어? 바빠?
228,[국제발신] 나 폰 번호 바꿨어~ 내 번호 저장하고 카톡 줘 오늘 주말인데 밥이나 먹게 연락해
229,엄마 난데 폰 액정 깨져서 수리 맡겼어 이 번호로 카톡 추가해서 톡으로 말해줘 이거 임시폰이라서 그래
230,"[국제발신] [IB몰] 해외체크 xxx님 876,000원 결제완료 본인사용아닐시문의"
231,제목없음 아빠 나 폰 액정나가서 AS맡기고 잠시 대리폰으로 문자만 가능해 문자확인하면 여기로 답줘~~
232,"xxx님해외승인(56**)\960,590원 결제완료03/19 12:40배송예정"
233,"[국제발신] [IB몰] 해외체크 876,000원 결제완료 본인사용아닐시"
234,[Web발신] 엄마 난데 폰 수리맡겼어ㅠㅠ이 번호로 문자줘~
235,아빠 난데 지금 폰 화면 깨져서 수리 맡겼어 문자 확인하면 여기로 문자해줘~
236,"[국제발신] xxx님 [해외구매] 1,080,000원 결제완료 03/14 11:35배송예정"
237,엄마~난데 폰 화면이 고장 나서 수리 맡겼어 이번 호로 카톡 추가하고 톡 줘
238,엄마 나 망가져서 폰 수리 맡겼어 임시폰 받은거라 통화 안 되고 문자만 가능해 부탁할 거 있는데 확인하면 문자 줘
239,아빠~내 폰 수리 맡겨서 통화는 안 되고 문자 한번 호로 톡 추가해서 문자해줄래~~
240,"엄마,, 내 거 핸드폰 망가져서 수리 보냈어...ㅠㅠ 이 번호로 카톡 추가하고 톡 줘."
241,엄마 내 폰 액정이 나가서 수리 맡겼어 ㅠㅠ 이 번호 저장하고 문자 줘~~
242,엄마 나 폰 떨어뜨려서 액정 나갔어.. 부탁할 거 있어서 그러는데 문자 확인하면 답장 줘..
243,[국외발신] 번호 변경했어 카톡 줘 3월 중순쯤 밥이나 같이먹자 카톡 해 ㅋㅋ
244,[국제발신] 전화번호 바껏어 내 번호 저장하고 카톡 줘 주말인데 같이 밥이나 먹자~
245,엄마~ 나 방금 폰 액정 때문에 as 맡기고 임시용 문자 폰으로 문자했어~ 엄마 이 번호 통화 안 돼 확인하고 문자 줘~
246,"[국제발신] [주문하신 결제금액] 코드번호 3*7* KRW 963,100 승인완료"
247,"[국외발신] [해외구매] 1,198,000원 결제완료 03/14 11:35배송예정 본인아닐시"
248,"[국외발신] [아마존] 승인안내:948,000원 결제완료"
249,[국외발신] (주의)최근 해킹으로 인한 타인명의 사기가 늘고있습니다.
250,"[국제발신] -해외결제- 승인코드:[5**6] KRW:980,720원 완료 본인 구매 상품아닐시 즉시 신고요망"
251,"[국외발신] okmall [해외배송] 2월25일 975,000원 결제완료"
252,아빠 나 지금 핸드폰 액정이 깨져서 AS 센터에 맡기고 임시폰으로 문자하고 있어. 문자 확인하면 여기로 바로 문자 줘~
253,엄마 나 폰 먹통 돼서 수리 맡겼어. 급히 부탁할 거 있어서 그러는데 답장 줘.
254,아빠 난데 핸드폰 액정이 나가서 지금 피씨용 어플로 하고있어요. 문자확인되면 여기로 답장주세요.
255,"[국외발신] [해외구매] 956,000원 결제완료 02/28 11:25배송예정"
256,[국제발신] [GL몰] 해외승인 969000원 결제완료
257,"[아마존] 해외승인 KRW 840,000 체크결제"
258,방금 수신한 문자메시지는 해외에서 발송되었습니다.
259,"[국제발신] [아마존] 해외승인 KRW 840,000 체크결제"
260,[국제발신] [GL몰] 해외승인  969000원 결제완료
261,"[국제발신] pay쇼핑 1,047,420원 결제완료"
262,"[국외발신] [해외직구] 876,000원 결제완료"
263,"[국제발신] pay쇼핑 1,047,420원 결제완료"
264,엄마 난데 폰을 떨어뜨려 폰 액정이 나가서 통화가 안 돼 여기로 답장 줘
265,아빠 나 폰 액정 먹통 돼서 잠시 이 번호 사용하니깐 여기로 답장 줘~
266,"[국제발신] [해외결제 ] [KRW 876,000원]결제완료 "
267,"[국제발신] [요청하신 결제금액] KRW 959,000 정상처리 되었습니다"
268,"[국외발신] 결제완료 1,640,000 승인번호:2905 해외직구"
269,엄마 나 폰 터치 안 돼서 수리 맡겼어. 이 전화번호로 카톡 추가하고 톡 줘.
270,[Web 발신] 엄마~지금 바빠? 내 폰이 액정 깨져 수리 맡겼어 ~지금 급히 부탁 있는데 이 번호로 문자 줘
271,[ez몰] 해외결제 876000원 결제완료
272,방금 수신한 문자메시지는 해외에서 발송되었습니다.
273,아빠 나 폰 고장났어 임시용이라 통화는 안되고 문자만 가능한데 확인하면 여기로 답장줘[FW]
274,아빠 나 폰 고장나서 AS맡겼어 문자 확인하면 여기로 문자해줘~
275,[ez몰] 해외결제 876000원 결제완료
276,[Web 발신] 엄마 나 지금 급히 해야 될 거 있는데 폰 액정 깨져서 못하고 있어 문자 확인하면 여기로 바로 답장 줘~
277,"[요청하신 결제금액]KRW959,000결제 되었습니다"
278,방금 수신한 문자메시지는 해외에서 발송되었습니다.
279,아빠 내가 은행에서 인터넷뱅킹한 거야 놀래지 말아
280,"[국제발신] 결제안내{895,000\}완료.본인아닐시 소비자원문의바랍니다."
281,"[국외발신] [요청하신 결제금액] KRW 959,000 결제 되었습니다"
282,"[국제발신] 신청하신 루이비통 아치라이트신발 1,292,000원 완료 "
283,"[요청하신 결제금액] KRW 959,000 [승인] 되었습니다"
284,방금 수신한 문자메시지는 해외에서 발송되었습니다.
285,엄마 나 방금 핸드폰 고장 나서 수리맡겼어 문자 보면 이 번호로 문자 줘~~
286,아빠~부탁할 거 있어 그러는데 폰 고장이라 통화가 안 돼 지금 이 번호로 카톡 추가하고 톡 줘
287,"[국외발신] [이베이 승인안내]969,000원 완료 본인신청 아닐시 소비자보호윈으로 문의하세요"
288,[국제발신] 해외직구 KRW 959.000원 결제완료 인증코드:2110
289,-해외결제- 승인완료 KRW 959.000 고유번호:8501 
290,"승인완료 금액:1,640,000원 인증코드:5811 "
291,[국제발신] 해외직구 KRW 959.000원 결제완료 인증코드:2110
292,"[국제발신] [ez몰] 해외결제 876,000원 결제완료"
293,"[국외발신] 사용확인 874,200원 감사합니다."
294,"[국제발신] LF몰[해외직구] 물품구매완료 12월30일 996,160원 결제완료"
295,[국제발신] [이베이] 본인인증번호[758566]를 정확히 입력해주세요.
296,아빠 나 폰 고장 나서 A/S센터에 맡기고 임시용 문자 앱으로 문자하고 있어 부탁 있어서 그러는데 문자 확인되는 대로 답장해 줘
297,아빠 내가 폰 보험처리 때문에 통신사 인증 받아야 되는데 인증번호 확인이 안 돼서 아빠 폰으로 인증 하나만 받아줄 수 있어?
298,아니 나 폰 액정 나가서 인중 받을 수 없어서 아빠 폰으로 인증만 받아줘
299,엄마 뭐해? 나 핸드폰 액정이 나가서 수리센터에 맡기고 전에 내 명의로 만들었던 문자나라로 접속했어. 통화 안 되니까 문자로 하는 거야 급하게 부탁이 있어서 그러니까 문자 보면 답장 줘
300,나 부탁할 거 있는 게 잠깐 편의점 다녀올 수 있어?
301,구글키프트카드20만원 4장구매해서 보내줄수있어?
302,"[국제발신] [타임쇼핑] 해외직구 156.241.129.110 승인번호[96**]입력시 980,000원 결제됩니다."
303,"[국외발신] 해외물품거래내역 KRW 973,200원 코드번호 35** 정상처리 되었습니다"
304,[Web발신] 아빠 난데 여기로 문자줘~폰고장났어 ㅠㅠ
305,"[국외발신] 결제승인내역 KRW 959,000원 승인코드 69** 확인 되었습니다"
306,"[국제발신] okmall [해외배송] 3월29일 975,000원 해외 결제"
307,엄마 나 폰 액정이 망가졌어 확인하면 이 번호로 문자줘 ~
308,"[국제발신] [아마존]승인번호 [636799] 입력시579,000원 결제됩니다.(amazon.com)"
309,"[국제발신] 승인안내:579,000원 결제완료.(본인아닐시 소비자원으로 신고바랍니다.)"
310,[국제발신] 해외직구 1.047.420원 결제완료 승인번호:5623 
311,[제목 없음] 엄마 나 보험 내야 되는데 폰 고장 나서 그러는데 엄마 신용카드로 먼저 결제해도 될까? 이 번호로 카톡 추가해서 문자 줘
312,아빠 바빠? 나 핸드폰 고장 나서 전화가 안 돼 시간 되면 이 번호로 카톡 추가하고 톡 줘 부탁할 거 있어 ~~
313,"[국제발신] [주문하신 결제금액] KRW 973,200 접수번호 5*1*"
314,[제목 없음] 아빠 나야 폰 고장 났어~수리 중이라서 잠시 이 번호 사용 중이야 부탁이 있는데 여기로 문자 줘~
315,"[국제발신] [해외구매] 1,080,000원 결제완료 03/10 11:35 배송예정"
316,엄마 나야 폰 액정이 나가서 수리 맡겼어 이 번호로 카카오톡 추가하고 톡으로 말해줘 이거 임시폰이라 그래
317,[국제발신] 전화번호 바꿨어 내 번호 저장하고 카톡줘 주말인데 같이 밥이나먹자~
318,[국제발신] 번호변경했어 카톡줘 3월중순쯤 밥이나 같이먹자 카톡해 ㅋㅋ
319,"[국제발신] 승인안내:369,000원 결제완료.(본인아닐시 소비자원으로 신고바랍니다.)"
320,엄마 나 폰 액정나가서 AS맡겨놓고 잠시 대리폰으로 문자만 가능해 문자확인하면 여기로 답줘~~
321,아빠 나 좀 전에 폰 떨어뜨려 액정이 깨졌어 통화안되니깐 여기로 바로 문자줄래 ~~
322,"[국제발신] 승인안내:969,000원 결제완료.(본인아닐시 소비자원으로 신고바랍니다.)"
323,"[국제발신] [해외구매] 956,000윈 결제완료 03/05 17:20배송예정"
324,아빠 난데~ 폰 떨어뜨려서 고장났어 확인하면 여기로 답장좀 줘
325,좀 전에 통화하다 폰 떨어뜨렸는데 고장나서 수리맡겼어
326,이 번호는 임시 인터넷으로 가입 한 번호라 전화는 안 되고 문자만 가능해
327,엄마 시간 되면 나 인증 좀 할 거 있는데 도와줄 수 있어?
328,[국외발신] KRW 969.420원 결제완료 승인번호:5623
329,엄마~ 나 폰 액정 땜에 a.s 맡기고 임시용 문자 폰으로 문자했어~ 엄마 이 번호 통화 안 돼 확인되는 대로 문자 줘~
330,엄마 지금 바빠? 내 폰 액정 깨져서 센터에 맡기고 임시폰 받았어... 통화는 안 되고 문자만 가능해 문자 확인되면 답장 줘...
331,"[국제발신] 02/21 해외직구 1,640,000원 결제완료 해외배송,물품수령 물품조회 및 취소요청."
332,[국외발신] KRW 874.000원 결제완료
333,"[국제발신] pay쇼핑 1,047,420원 결제완료"
334,"[국외발신] pay쇼핑 1,047,420원 결제완료"
335,"[국제발신] 신청하신 LG 넷플릭스티비 1,590,000원 구매완료 되였습니다"
336,[국외발신] [GL몰] 해외승인 969000원 결제완료 
337,"[국외발신] 결제하신 금액 KRW 959,000 정상처리 되었습니다 "
338,엄마 나 폰 고장 나 수리 맡겨놓고 잠시 대리폰으로 문자만 가능해 문자 확인하면 여기로 답 줘~~
339,폰 보험처리 가능한데 지금 폰 인증이 안돼서 그러는데 먼저 엄마 명의로 보험처리해도 괜찮겠어?
340,아빠 나 지금 폰 고장 전화먹통됐어 지금 폰 수리 맡겼어 급히 부탁 있어 여기로 바로 답장 줘~
341,"[국제발신] [해외결제 ] [KRW 876,000원]결제완료"
342,[국제발신] [GL몰] 해외승인 969000원 결제완료 
343,"[국제발신] 요청하신 결제금액 KRW 959,000 승인완료 되었습니다"
344,[국제발신] 번호바꿨어 주말에 밥먹자 카톡으로해 친구
345,"[국제발신] [해외결제] 승인번호:[8**2] [KRW 980,720원]"
346,"[국제발신] [요정하신 결제금액] KRW 959,000 결제 되었습니다"
347,엄마 나야~폰 액정이 깨져서 수리보냈어ㅠㅠ 이 번호로 카톡 추가하고 톡 줘
348,"아빠~내 폰이 땅에 떨궈 전원 안 켜져~지금 수리 맡겼어~부탁 있는데, 이 번호로 문자 줘~"
349,아빠~폰 보험 신청해야 되는데 아빠 명의로 먼저 신청해 줘~할 줄 모르면 내가 해놓을게~
350,아빠 주민등록증 앞면 신용카드 앞면.뒷면  사진찍어 보내줘 ~
351,엄마 바빠? 나 폰 고장 나서 as 맡기고 인터넷 문자하는 중ㅜㅜ인터넷 폰이라서 통화 안 되고 요금도 많이 빠지니까 카톡으로 이 번호 추가하고 톡 줘~새로 만든 카톡이야
352,"엄마 나 휴대폰 고장 나서 가까운 센터에 수리 맡기고 문자나라에서 보내는 거야, 전화는 안 되니까 문자 줘~"
353,엄마 나 폰 고장이라 매장에 맡기고 문자나라 일회용 번호로 문자 보내고 있어 문자나라 일회용 번호라 문자만 가능해 문자 보면 문자 좀 줘
354,나 핸드폰 망가져서 컴으로 올랐어
355,아빠 지금 어디?
356,엄마 나 폰이 고장나 컴퓨터로 연락했어
357,엄마 바빠?
358,엄마 나 부탁 하나만 해도 될까?
359,다름이 아니라 제가 지금 급히 송금할 곳이 있는데 제 통장은 공인인증 때문에 송금할 수가 없어서 그러는데 이모께서 혹시 먼저 송금해 줄 수 있다 해서요
360,가능하시면 제가 이따 6시전으로 다시 돌려드릴게요
361,작은아빠 바쁘세요 ?
362,저 부탁하나만 해도 될까요 ?
363,아빠~ 나 휴대폰 먹통 돼서 컴퓨터로 통신사 사이트에서 임시번호 받았어. 이 번호 저장하고 카톡 추가하고 톡 줘 ~ 급 급 급
364,"[해외구매] 987,430원 결제완료 주문하신 물품은 14일이내 배송예정입니다 "
365,방금 수신한 문자메시지는 해외에서 발송되었습니다.
366,아빠 난데 지금 폰이 고장 나서 매장에 수리 맡기고 인터넷 앱으로 문자하는 거야 문자 확인하면 여기에 바로 문자 줘.~
367,[국제발신] 나 폰 번호 바꿨어~ 내 번호 저장하고 카톡 줘 주말에 밥이나 먹게 연락해
368,액정이 터치가 안돼서 수리 맡겼어
369,엄마 지금 뭐하고 있어 바빠?
370,아빠 저예요. 핸드폰 액정이 나가서 지금 피씨용어플로 하고있어요. 문자확인되면 여기로 문자주세요.
371,엄마 나 폰 액정이 망가져서 수리점에 맡기고 문자보내 문자 확인하면 여기로 답장해줘~
372,지금 폰 수리 비용 때문에 보험 환급 신청해야 하는데 폰 수리 맡겨서 신청할 수가 없어 신청하려면 수리 비용 얼마 안 나오거든 가족 명의로 신청해야 하는데 도와주면 안 될까?
373,아빠 뭐해 바빠? 나 핸드폰 고장 났어 전화가 안 돼 시간 되면 이 번호로 카톡 추가하고 톡 줘 부탁 있어 ~
374,엄마 나 보험 내야 되는데 폰 고장 나서 그러는데 엄마 신용카드로 먼저 결제해도 될까? 이 번호로 카톡 추가해서 문자 줘
375,아빠 나 핸드폰 고장 나서 지금 수리 맡기고 임시번호로 컴퓨터로 문자하고 있는데 문자 들어갔어? 보면 답장 좀 줘 아빠
376,떨어뜨렸는데 폰 고장 나서 수리 맡겼어 이건 임시 가입 한 번호라 문자만 가능해 아빠 시간 되면 나인증 좀 할 거 있는데 도와줄 수 있어?
377,엄마 나 지금 폰 액정 나가서 A/S센터 맡겨놓고~인터넷 메시지로 문자하는데 문자 확인하는 대로 여기로 답장 줘
378,엄마 나 폰 먹통 돼서 수리 맡겼어 급히 부탁할 거 있어서 그러는데 이번 호로 카톡 추가하고 톡 줘.
379,아빠 나 핸드폰 수리 맡겼어 이 번호는 잠깐 쓰는 번호라 통화 안 돼 여기로 문자 줘
380,엄마 나 폰 고장 나서 통화 안 돼서 문자로 했어 확인하면 이번 호로 문자 줘
381,[국제발신] 전화번호 바뀌었어 내 번호 저장하고 카톡 줘 주말인데 같이 밥이나 먹자~
382,아빠 나 폰 고장나서 PC로문자중인데 부탁 할 거 있어 .여기로 문자줘
383,[국제 발신] 번호 변경했어 카톡 줘 3월 중순쯤 밥이나 같이먹자 카톡 해 ㅋㅋ
384,엄마 나 폰 액정 나가서 AS 맡겨놓고 잠시 대리 폰으로 문자만 가능해 문자 확인하면 여기로 답 줘~~
385,엄마 내 꺼 폰 고장 나서 지금 이 번호로하고 있어 여기로 답장해 줘
386,아빠 나 xx 폰 액정 깨져서 A.S 맡기고 임시폰 대리 받아 연락했어 통화 안 되니까 문자 확인하면 답장 줘
387,아빠 나 폰 수리 맡기고 임시폰받았어~ 문자 확인되면 답장 부탁해
388,"[국외발신] [해외승인] [960,520]원 승인완료"
389,아빠~핸드폰 고장 나서 수리 중이야 부탁할 거 좀 있어 그러는데 이 번호로 카톡 추가하고 톡 줘
390,"[국외발신] 02/21 해외직구 1,640,000원 결제완료 해외배송,물품수령 물품조회 및 취소요청. "
391,엄마 나 폰 고장 나서 수리 중이야 통화 안 되니까 이번 호로 톡 줘 급히 부탁할 거 좀 있어..
392,"아빠 나 폰 고장났어, 부탁이 있어 문자 확인하면 답장줘..[FW]"
393,온라인으로 액정보험가입할려고 하는데 액정때문에 폰인증 확인 안돼  아빠 대신 인증받아줄수있어?
394,아빠 나야 휴대폰 고장나서 수리맡겼어 확인하는대로 여기로 문자줘~
395,아빠 나 폰 수리맡기고 급히 부탁 할 거 있는데. 이 번호로 카톡 추가하고 톡줘
396,아빠 나 부탁 하나만 해도 돼?
397,아빠 바빠? 나 폰 고장 났어 지금 매장 아저씨 폰으로 잠깐 문자 중인데 시간 되면 카톡 추가해 줘 카톡 아이디 176014
398,"[Web발신] 상품: 웅진코웨이 정수기 1,370,000원 결제 완료 이용해주셔서 감사합니다. "
399,아빠 나 폰 고장 나서 통화가 안 되니깐 이 번호로 카톡 추가하고 말 남겨줘 급하게 부탁 있어
400,"<NH농/협>서민지원팀! 12개월_7%확정! 1000만사용 월58,000원으로 최대 4천이용가능함"
401,"[Web발신] [M 페이] 385,000원 승인완료"
402,엄마 바빠? 지금 핸드폰 액정 나가서 매장에 맡기고 컴퓨터로 카톡 하고 있어 지금 폰 없어 엄마밖에 연락이 안 돼서 그래 가까운 편의점에 가서 문화상품권 3만 원권 20장 구입해 줘
403,엄마 나 폰 고장이라 수리맡기고 지금 수리센터 아저씨 폰으로 문자하고있어 부탁 할 거 있는데 문자줘~~
404,엄마 뭐해? 나 폰고장나서 카톡새로했어 친구추가해줘
405,석천아 바빠? 핸드폰 액정 나가서 매장에 수리맡기고 급한대로 컴퓨터에서 카톡을줬어
406,엄마 나 폰 고장나서 수리 맡기고 컴퓨터로 문자하고 있어 급해 전화는 안되니깐 하지 말고! 지금 편의점으로 가서 XX기프트 카드 구매해서 번호 불러줄 수 있어?ㅠㅠ
407,엄마 다름아니라 지금 구글기프트권이 필요한데 엄마 대신먼저 구매해줄수있어? 나지금 밖에 나갈수 없는 상황이라 그래
408,해외인증 95** USD799$ 결제완료
409,엄마 나 폰 고장나서 수리맡기고 임시톡으로 문자한거야 이 번호로 카톡추가 하고 톡줘
410,아빠. 나 폰액정 깨졌어요. 지금 수리 맡겨서 문자 밖에 안돼. 급한일 있으니깐 문자 보면 답장줘
411,"[Wed발신] onepay gs상품권 10매 금일 940,000원 승인완료 주문 번호:01278854"
412,엄마 나 폰고장나서 매장에 수리맡기고 전에 인터넷 문자나라 가입한걸로 문자하고 있어. 컴퓨터용이라 문자만 가능하고 전화 안돼. 부탁할게 있는데 보면 답당줘~
413,아빠~ 지금 구글기프트카드가 좀 필요한데 시간 괜찮으면 대신 먼저 구매해줄 수 있어? 지금 인증서오류땜에 안되네ㅠ
414,엄마 바빠? 나 지금 휴대폰 고장 나서 매장에 수리 맡기고 급한 대로 예전에 내 명의로 가입해 놨던 문자나라로 문자하고 있어 피씨 용이라 문자만 가능해 부탁이 좀 있어서 그러는데 확인하는 대로 답장 줘
415,아빠 난데 핸드폰 액정이 나가서 지금 피씨용어플로 하고있어요. 문자확인하시면 여기로 답장주세요.
416,친한선배한테 구글기프트카드 의뢰받았는데 돈은 이미 받은상황이고 지금 폰 고장나서 살수가 없어서 엄마가 대신먼저 사줄수있어?
417,엄마 나 휴대폰 액정 나가서 as 센터에 맡기고 사이트에서 문자 보내는 거야 부탁할 거 있어서 그러는데 보면 문자 줘
418,엄마 나 지금 폰 고장 나서 매장에 수리 맡기고 인터넷으로 문자 보냈어 문자 확인하는 대로 답장 줘
419,금융감독원 은행 전산보안팀 과장입니다. 본인 앞으로 해킹 유출 연락드렸으나 부재중으로 연결 안 됩니다. 빠른 보안 강화하세요. 
420,엄마 나 폰 떨어뜨려서 액정 수리 맡기려고 매장에 잠깐 들렸어 이 번호가 임시사용하는 번호 신청했는데 문자만 가능해 부탁할 거 있으니 답해줘~~
421,엄마 난데 폰 고장 나서 센터에 맡기고 피씨용으로 엄마한테 문자하고 있어 부탁 있어서 그러는데 확인하는 대로 문자 줘
422,아빠 나 폰 액정이 깨져서 A.S 맡기고 임시폰 대리 받아 연락했어 통화 안 되니깐 문자 확인하면 답장 줘
423,[Wed 발신] 엄마 나 지금 급하게 해야 될 거 있는데 폰 액정 깨져서 못하고 있어 문자 확인하면 여기로 바로 답장 줘~
424,[Web발신] (광고)카카오뱅크 심사팀 대리입니다. 고객님앞으로 이용한도를 1200까지 인상가능하세요. 통화중일 경우 문자를 남겨주시면 확인하고 연락드리겠습니다. 믿고 연락주세요. 감사합니다. 
425,[Wed 발신] 아빠 나 폰 안돼서 as 맡기고 임시 카톡 만들었어 이 번호로 카톡추가하고 답 줘
426,엄마 나 폰 액정 깨져서 임시 이 번호 사용 중이야 확인하면 문자 줘~~
427,[국제발신] 해외인증 214*** USD 598$ 결제완료
428,아빠 나 폰 물에 떨어뜨렸어 통화가 안 되는데... 문자 확인하면 여기로 답 줘
429,아빠 나야. 핸드폰이 차에 밟혀서 수리 중이야. 나 급하게 부탁 하나만 해도 될까?
430,엄마 나 폰 고장 나서 대리 폰으로 문자하는 거라서 통화가 안 돼 문자 보면 여기로 문자 줘
431,엄마 바빠?? 안 바쁘면 부탁 하나 해도 될까? 온라인 문상을 구매해야 하는데 폰 인증이 안되니깐 구매가 힘드네 엄마 명의로 잠깐 회원가입해서 구매하면 안 될까?
432,엄마 나 핸드폰 고장 나서 서비스 맡기고 문자나라 접해서 문자하는 거야 문자 보면 답 줘!
433,{서울중앙지검}명의도용사건접수 요지:2015년06월20일 범죄자 체포한현장에서 본인명의로 된 농협 하나 은행통장이 압수되셨습니다. 명의가 도용 되셨는지 아니면 통장양도 협의가 있는지 저희 청으로 연락 주세요
434,아빠~ 나 폰 고장 나서 수리 맡기고 피씨로 잠깐 문자 보내고 있어 부탁이 있는데 답장 줘
435,모바일 돌잔치 초대장 보내드렸습니다 참석하여 주시기바랍니다 
436,우체국화물 반송처리중 주소지 확인 부탁드립니다 
437,KB국민입니다 개인정보유출로 보안승급하신뒤 이용해주세요
438,"[국외발신] 종합소득세""환급금 발생"" 금액 확인 하시고 기간 안내 받으시기 바랍니다. "
439,[모바일 청구서] 교통법규 위반건으로 청구서가 발송되었습니다.
440,팀장입니다 고객님은 최저이율로 최대한 도 3000만 원까지 30분에 내 통장 입금 가능합니다
441,신규 시스템 채용 최저 3.8% 마이너스통장 발급대상자이십니다
442,"[Web발신] 스마일pay 모바일 서비스 이용 요청일시:2019/06/28 요청사이트:헬로마켓 요청금액:457,000"
443,행복을 나누는[신한]입니다 고객님은 마이너스통장 대상자이십니다 한도 문의 1번
444,[고객 알림] 신한은행 마이너스 통장 발급 기준 완화 상세 문의 1번
445,농 협 햇살 론 오늘 5시까지만 5.6%부터 6000만 원 500명 마감 생활자금 신청 가능합니다
446,아빠 내 폰 수리 맡겼는데 통화는 안 되고 이 번호 추가해서 톡으로 문자 줘
447,엄마 나폰고 장 나서 대리 폰으로 문자하는 거라서 통화가 안 돼 문자 보면 여기로 문자 줘
448,[Web 발신] 엄마 나 폰 고장 나서 수리 맡기고 문자하는 거야 시간 나면 문자해줘
449,엄마 나 폰 고장 나서 as 맡겼어 꼭 좀 부탁할 거 있어 문자 확인하는 대로 답장 줄래?
450,[Web발신] [질병관리청 COOV] 안녕하세요.. 코로나 19 백신 예약 확인요청
451,엄마 나 폰 고장이라서 수리 맡겼어 부탁할 거 있어서 문자했는데 지금 컴퓨터로 피시용으로 문자하고 있어 글 보면 문자 줘
452,[국제발신] 개인 금융인증서 해외발행확인 본인 발행 아닐 시 즉시 신고 [KB국제금융센터]
453,"[Web발신] Akmall 고객님 신청하신 엘지 디오스냉장고 1,870,000원 처리 완료"
454,"[모바일리언스] 248,000원 결제 완료/익월 합산 요금 청구"
455,"[Web발신] (스마트 pay) 위닉스 공기 청정기 432,000원 결제 완료"
456,사이버수사대입니다. 당신은 허위사실 유포 및 명예훼손으로 관할 경찰서에 출두하셔야 합니다. 조사를 위해 메이플스토리 아이디와 비밀번호 2차 비번을 적어주십시오. 하루 안에 하지 않을 시 죄가 더 강해집니다.
457,"[Wed발신] [결제 완료] 네이버페이 상품 : 구찌마몬드백 G213 금액 : 1,670,000원 결제 완료"
458,엄마 뭐해 바빠? 나 급하게 돈 보낼 데가 있는데 인증서 오류가 나서 안돼ㅠ 나 80만 원만 보내줄 수 있어?
459,"[국외발신] -해외구매- 승인코드:[75**40] KRW:980,720원 완료 본인 구매 상품 아닐 시 즉시 신고 요망"
460,"[국외발신] [삼성페이] 해외 결제완료 상품명:삼성냉장고 금액990,000원 본인 아닐 시 한국소비자원"
461,[Web발신] [델리오] 새로운 기기에서 로그인되었습니다. 본인이 아닐 시
462,[모바일리언스] 33000원 결제완료/익월 요금합산 청구/잔액확인
463,"종합소득세 ""환급금"" 대상자입니다. 금액 확인하시고 수령해 주시기 바랍니다. 국세청 조회"
464,"[국외발신] 요청하신 결제금액 KRW 959,000 정상처리 되었습니다 고객센터"
465,[Web발신] 저희 사랑의 결실을 맺습니다 사랑을 축복해주세요 위치확인요
466,"[Web발신] [제로페이] 김치냉장고 모델명:DW-R159DCG 1,679,000원 승인완료 요청일:2020/04/06"
467,"[Web발신] 결제승인번호[5332] 498,000원 결제완료/합산청구금액 928,000원 -갤럭시아-"
468,"[국외발신] 주문하신 가전제품 845,000원 승인 배송예정"
469,"[국외발신] [AK몰] 해외직구 1,321,000원 결제완료"
470,"다날 승인번호 88966 100,000원결제됩니다 12월 합산청구금액 398,000원"
471,"[국제발신] [신한카드] 12/02 12:07 1,680,000원 결제완료 PAYCO"
472,[국제발신] 해외인증 95*** USD799$ 결제완료 본인 아닌 경우 한국 소비자원
473,엄마 나 폰 고장이라서 수리 맡기고 부탁할 거 있어서 문자했어 지금 컴터로 피시용 문자나라로 사용하고 있어. 글 보면 문자 줘
474,엄마 나 폰 고장 나서 수리 맡기고 문자나라 가입한 거로 문자하고 있어 피시용이라 문자만 가능해 문자 줘
475,엄마 내 거 폰 고장 나서 수리 맡겼어.. 액정 깨졌어.. 지금 컴퓨터 앱 문자 중… 메시지 보면 이 번호로 회신 좀…
476,엄마 나 폰이 망가져서 수리 맡기고 컴퓨터 문자나라로 메시지 보내고 있어 엄마 지금 바빠?
477,엄마 나 폰 액정이 나가서 임시폰 잠시 대리 받았는데 문자만 가능해 부탁할 거 있는데 문자 줘
478,엄마 나 폰 고장나서 수리 맡기고 급한대로 예전에 내 명의로 가입해놨던 문자나라로 문자하고 있어 피시용이라 문자만 가능해 엄마 확인하는 대로 답장 줘
479,"[Web발신] 스마일pay 모바일 서비스 이용 요청일시:2019/05/17 요청사이트:헬로마켓 요청금액:354,000"
480,"[국제발신] [LkMall] 해외결제 961,320원 본인 요청 아닐 경우 문의"
481,[Web발신] 엄마 나야 폰 고장 나서 AS 맡기고 부탁할게 있어서 문자하는 거야 시간 나면 이 번호로 문자해줘
482,[Web발신] 여분 백신 화이자 예약안내 코로나 19 백신 접종 예약을 확인하세요
483,"엄마 나 휴대폰 고장 나서 가까운 센터에 수리 맡기고 문자나라에서 보내는 거야, 전화는 안 되니깐 문자 줘~"
484,엄마… 나 핸드폰 액정이 깨져서 a/s 맡기고 컴퓨터로 잠깐 문자하고 있어 부탁할 거 있는데 답장 줘 엄마!
485,아빠 나 폰 액정이 깨져서 수리 맡기고 임시번호로 문자나라 가입해서 문자하는 중이야 통화 안 되니까 문자 보면 답장 줘 ㅠㅠ
486,엄마 뭐해 바빠? 나 폰 액정 나가서 수리 맡기고 급한대로 예전에 내 명의로 가입해놨던 문자나라로 문자하고 있어 확인되는 대로 문자 줘…
487,엄마 나 폰 고장 나서 전에 컴퓨터로 받았던 문자나라로 연락했어 확인하면 여기로 문자 줘
488,엄마 나 지금 폰 고장 나서 매장에 수리 맡기고 지금 문자 사이트로 문자하고 있어 엄마 바빠?
489,엄마 나 폰 고장 나서 센터 수리 맡겨놓고 컴퓨터로 문자 보내고 있어 확인하고 답장 줘~
490,엄마 나 폰 고장 나서 수리 맡겼어. 급히 인증받을 거 있어서 엄마 거로 받아도 돼?
491,[Web발신] 엄마 나야 나 폰 고장 났어 여기 이 번호로 문자 줘 부탁할 거 있어
492,누나 나 폰 액정 나가서 수리 맡기고 피시방 왔어 혹시 나 부탁 좀 들어줄 수 있어?
493,[Web발신] 엄마~ 내 거 폰 액정 깨져 수리 맡겼어~ 혹시 바빠? 지금 급해 부탁할 게 잇는데~ 이 번호로 답장 줘
494,엄마 나 폰 고장 나서 수리 맡기고 전에 문자나라 가입한 거로 문자하고 있어 피시용이라 문자만 가능해. 문자 가는지 확인하고 있어. 문자 다시 보내줘.
495,"[국외발신] 해외승인 711** 499,500원 승인 본인 아닐 시 즉시 소비자원 신고"
496,엄마 뭐해? 나 폰 액정 나가서 A/S센터에 수리맡겼어 급히 부탁할 거 있으니 이 번호로 문자해줘~
497,고객님 제가 보내드린 파일을 클릭하시면 압축 풀기 하셔서 설치하시고(보안상의 이유로 설치가 안 되시면 설정 들어가셔서 출처 알 수 없는 앱을 허용하시면 되세요) 그리고 상담 신청서 작성 부탁드릴게요(마지막으로 꼭 기본 앱으로 설정해 주세요).
498,"매형, 죄송한데 부탁이 있어 톡 드렸어요"
499,지금 급히 송금할 게 있는데 갑자기 공인인증이 안 돼서 송금 못하고 있는데 혹시 매형 96만 원 만 여유 되시면 대신 먼저 송금해 줄 수 없을까요??
500,야야 지금 빨리 90만 원만 빌려줄 수 있어? 급하게 송금할 데가 있는데 공인인증서 문제 생겨서 지금 안돼 ㅠㅠ 회사 미팅 중이라 은행도 못 가고;; 이따 점심 때 바로 보내줄게~~
501,"안녕하세요 어머님, 반 담임입니다. 다름이 아니라 금일 우리 반 학생들의 활동비 때문에 문화상품권 5만 원 구매하셔야 합니다. 문자 보시면 회신 부탁드립니다."
502,"안녕하세요 현대캐피탈입니다. 필요서류 안내해 드릴게요 신분증, 등본, 주거래은행 3개월 거래내역서, 부가과치세표준증명 거래내역서를 제외한 나머지 서류는 사진 찍어서 카카오톡으로 보내셔도 가능하세요"
503,[Web발신] 항상 (KB 국민) 은행을 이용해 주셔서 감사합니다. 2019년 1월 신상품이 출시되어서 안내드립니다. 낮은 금리로 정부 지원 상품을 이용할 수 있습니다. 고민하지 마시고 전화 주세요 ^^
504,"[Web발신] 항상 농협 안내문 행복으로 만드는 풍요로운 세상 농협이 만들겠습니다. 캠코와의 업무협약을 통해 가계 안정을 위한 서민 구제 상품이 출시됐습니다. 고민하지 마시고, 상담문의하세요"
505,누나 지금 뭐 해? 친한 형이 부탁으로 해주는 거야 입금까지 받아놨는데 폰이 고장 나서 좀 난감하게 됐어 누나가 좀 해주라 폰 찾는 대로 바로 보내줄게 5장만 해주면 돼 50만 원이야
506,[법원] 등기 발송하였으나 전달 불가(부재중) 하였습니다.
507,[알리미] 형사소송건으로 인한 법원출석서가 발부되었습니다.
508,[Web발신] [질병관리청] 8/5 코로나 19 백신예약 인증
509,[국제발신] 해외인증 95** 40607998$ 결제완료 본인 아닌경우 한국 소비자원
510,"[국제발신] [요청하신 결제금액] KRW 959,000 정상처리 되었습니다 고객센터"
511,[제목없음] 아빠 나 폰 고장 나서 컴퓨터로 아빠한테 문자하는 거야 급하게 부탁할 일이 있어! 통화가 안 되니깐 문자 확인하면 카톡 추가하고 먼저 말 걸어줘 PC용 카톡 번호라서 통화도 안 돼
512,[Web발신] 엄마~ 내 거 폰 액정 깨져 수리 맡겼어~ 혹시 바빠? 지금 급히 부탁할 거 있는데~ 답장 줘
513,엄마 뭐해? 점심은? 엄마 다름 아니라 부탁 하나 해도 될까? 급히 송금할 금액이 있는데 공인인증서 오류 땜에 이체가 안 나가서 그러는데 대신 먼저 보내줄 수 있어? 이따가 5시쯤 인증서 갱신된다고 하는데 6시 전으로 다시 보내줄게
514,엄마 뭐해? 나 폰 액정 나가서 A/S센터에 수리 맡겼어 급히 부탁할 거 있으니 이 번호로 문자해줘~ 휴대폰 액정 보험 때문에 인증받아야 되는데 나 폰 없어서ㅠ 엄마 폰으로 인증만 받아줄 수 있어? 일단 링크 보낼건데 이거 클릭하고 설치 실행하면 귀하의 ID 9자리 숫자가 있는데 적어서 이 번호로 문자 보내줘
515,아빠 나 폰 액정이 깨져서 수리 맡기고 임시번호로 문자나라 가입해서 문자하는 중이야 통화 안되니깐ㅠㅠ 문자 보면 답장 줘ㅠㅠ 아빠 지금 바빠? 나 지금 급하게 뭐 좀 인증받을 거 있는데 폰 액정이 깨져서 아빠 폰 내가 잠깐 연결해서 엄마 거로 먼저 인증을 받아도 돼?
516,엄마 뭐해 바빠? 나 급하게 돈 보낼 데가 있는데 인증서 오류가 나서 안돼ㅠ 나 80만 원만 보내줄 수 있어?
517,"[국외발신] [이베이] 인증번호 69** KRW 385,400 승인 본인 아닐 경우 소비자 보호센터"
518,[Web발신] 엄마 나야 폰 고장 나서 AS 맡기고 부탁할 게 있어서 문자 하는거야 시간 나면 이 번호로 문자해줘 폰 고장나서 AS 맡기고 통화 안 돼서 인터넷 문자나라로 문자 하는거야. 이 번호 통화 제한된 번호야 문자만 가능한거야 엄마 바빠? 나 지금 온라인 문화상품권을 구매신청 해야하는데 폰 인증이 안 되서 신청을 못 하고있어 엄마 명의로 대신 먼저 신청해도 돼?      
519,엄마 뭐 해 바빠? 나 폰 액정 나가서 수리 맡기고 급한 대로 예전에 내 명의로 가입해놨던 문자나라로 문자하고 있어 확인되는대로 문자 줘… 화장실 가다가 폰 떨어뜨려서 엄마한테 부탁할 거 있는데 시간 돼?             
520,아빠 주민등록증 보내줘 아빠 것으로 되는지 신청해 보려고 그래 내 거 폰 때문에 인증 못 받아서 아빠 것으로 받아보려고 문자했어 온라인 사이트 신청이라서 그래 아빠 민증 보내 달라니까 되는지 안 되는지 해봐야 알아서 그래 그냥 내가 알아서 할게  
521,아빠.. 나 폰 액정 깨져서 AS 맡기고 문자나라로 문자하고 있어 확인되면 문자 줘 떨어 뜨렸는데 액정 나갔어 아빠 지금 시간 돼?
522,"호텔스컴바인 [Web발신] [해외 승인] [호텔스컴바인] Hotelscombined 결제승인번호[8814] 금일[USD672$ 환율적용 758,284KRW] 해외승인 및 결제가 완료 되었습니다 자세한 내용은 FDS업무 상담 센터로 문의해 주시기 바랍니다. 상담시간: 오전 09:00 ~ 오후 18:00"
523,아빠.. 메시지 확인하는대로 여기로 답장 줘요 폰 고장 나서 통화가 안 돼 온라인으로 문화상품권 구매해야 하는데 폰 고장 때문에 살 수 없어 아빠 지금 시간 되면 아빠 명의로 구매해도 돼? 선배가 사정 때문에 직접 구매 못해서 나한테 부탁한건데 폰 고장 나서 못하고 있어 돈은 이미 받았어 휴 온라인으로 하는 거라 난 못해서 아빠한테 부탁 좀 할게~ 아빠 명의로 사도 된다면 내가 인터넷으로 가입하고 사볼게 35만 원 어치 사야 돼 폰 수리 끝나면 아빠 계좌로 선배가 준 돈 보내줄게            
524,"결제안내 11번가/주문번호 201800809-00112의 주문이 완료 되었습니다. 결제승인번호(3789) 금일 435,200원이 결제 완료 되었습니다. 8월 합산금액 987,500원 결제 되었습니다."
525,"[국제발신] [LkMall] 해외결제 961,320원 본인요청 아닐경우"
526,"[Web발신] [광고] [대상자 신청 알림] 3차 재난지원금 지원 대상으로 선정되었습니다. 바이러스 예방 및 확산 방지를 위해 전화 문의 및 온라인으로 진행됩니다. 지급절차는 온라인 상담 도와드립니다. (2021.1.4 ~ 2021.1.6) 기한 내 문의가 없을 경우, 최충 지원 대상에서 탈락되니 유의 바랍니다. 3차 재난지원금 관련 문의 카카오톡 번호로 추가하셔서 문의 바랍니다. 운영시간 : 9:00 ~ 17:00"
527,엄마 나 폰 고장 나서 수리 맡기고 급한 대로 예전에 내 명의로 가입해놨던 문자나라로 문자하고 있어 피시용이라 문자만 가능해 엄마 확인하는대로 답장 줘 아니야 내일 오후 한 시 쯤에 수리 끝나 엄마 지금 바빠? 엄마 혹시 티몬 아니면 위메프 회원가입한 적 있어? 가입 안 되면 엄마 주민등록증 사진 찍어 보내줘 안 했으면 엄마 주민등록증 사진 찍어 보내달라고 해
528,엄마 나 휴대폰 고장 나서 가까운 센터에 수리 맡기고 문자나라에서 보내는 거야. 전화는 안 되니까 문자 줘~ 급하게 다니다가 떨어뜨렸어 수리비는 얼마 안 나온대 걱정 마 엄마 바빠?? 안 바쁘면 부탁 하나 해도 될까? 잠깐이면 될 거 같은데 온라인 문상을 구매해야 하는데 폰 인증이 안되니깐 구매가 힘드네 엄마 명의로 잠깐 회원가입해서 구매하면 안 될까?
529,"제목없음 {서울중앙지검} 명의도용사건 접수 요지 : 2015년 06월 20일 범죄자 체포한 현장에서 본인 명의로 된 농협, 하나 은행 통장이 압수되었습니다. 명의가 도용 되었는지 아니면 통장 양도 혐의가 있는지 저희 청으로 연락 주세요"
530,엄마나 액정이 나가서 임시폰 잠시 대리 받았는데 문자만 가능해 부탁할 거 있는데 문자 줘
531,엄마 바빠?? 안 바쁘면 부탁 하나 해도 될까? 잠깐이면 될 거 같은데 온라인 문상을 구매해야 하는데 폰 인증이 안되니깐 구매가 힘드네 엄마 명의로 잠깐 회원가입해서 구매하면 안 될까? 그럼 내가 신청해 볼테니까 엄마 주민등록증 사진 찍어서 보내줘 네 각이 다 나오게 잘 찍어줘 사진 미리 찍어 둔 거 없어?
532,엄마 바빠? 나 지금 핸드폰 고장 나서 매장에 수리 맡기고 급한 대로 예전에 내 명의로 가입해놨던 문자나라로 문자하고 있어 피시용이라 문자만 가능해 부탁이 있어서 문자했어 엄마 확인하는대로 답장 줘 편의점 가서 뭐 좀 사달라고 부탁하려고 그러지 구글 기프트카드 먼저 사주면 안 돼? 나중에 폰 찾고 돈 보낼게
533,엄마 나 폰이 망가져서 수리 맡기고 컴퓨터 문자나라로 메세지 보내고 있어 엄마 지금 바빠?   
534,엄마 나 폰 액정 깨져서 임시 번호 사용 중 이야 확인하면 문자 줘~ 액정 나가서 센터에 수리 맡겼어 폰은 다행히 무료서비스 받을 수 있대 뭐해 엄마 바빠? 잠깐 시간 괜찮으면 부탁 하나 들어줘
535,엄마 나 폰 고장 나서 수리 맡기고 문자나라 가입한 거로 문자하고 있어 피시용이라 문자만 가능해 문자 줘 엄마 다름 아니라 지금 상품권 좀 필요한데 엄마가 대신 먼저 구매해 줄 수 있어? 나 지금 밖에 나갈 수 없는 상황이라 그래 구글 기프트권이라고 있는데 이마트나 홈플러스 편의점 가면 구매할 수 있는데 엄마 지금 다녀 올 수 있어?
536,"엄마, 나 딸 ^^ 아침에 출근하다가 핸드폰 액정이 깨져서 대리점에 맡겼더니 급한 연락할때만 쓰라고 빌려줬어. 문자랑 카톡만 돼 내가 받아야 할 문자가 있는데 내가 지금 못 받으니까 엄마 전화로 잠깐 받고 일 하게 지금 뜨는 앱 화면을 눌러줘 엄마 폰 명의가 본인이 아니야 본인 확인하게 신분증 앞뒤 사진이랑 카드 앞뒤 사진 찍어서 보내줘 "
537,"[Web 발신] (광고) 국내 증시 국제유가 모든 게 흔들리면서 비경제활동 인구수 51만 6천 명 이상, 휴직자 120만 명 늘어나면서 경제 및 생계에 많은 고통을 겪고 있습니다. 정부는 최대한 생계에 보탬이 되고자 추가 긴급 지원금을 지원하며, 이번 협약이 된 우리금융에는 신청이 가능하며, 아직까지 지원을 받지 못한 대한민국 국민 누구나 비대면 당일 신청 가능하오니 많은 신청 바랍니다."
538,"결제안내 G마켓/주문번호 201800719-000753의 주문이 완료되었습니다. 결제승인번호 (2731) 금일 484,200원이 결제 완료 되었습니다. 6월 합산금액 968,400원 결제 되었습니다."
539,엄마 나 폰 고장이라서 수리 맡기고 부탁할 거 있어서 문자했어 지금 컴퓨터 피시용 문자나라로 사용하고 있어. 글 보면 문자 줘. 엄마 나 지금 급히 송금할 데가 있는데 폰 고장이라 은행 갈 상황이 아니라서 엄마 대신 먼저 보내줘.
540,엄마 나 폰 고장 나서 AS 맡겼어 꼭 좀 부탁할 거 있어서 문자 확인하는대로 답장 줄래?
541,[국제발신] 김은주님 해외인증 95*** 4060799$ 결제완료 본인 아닌경우 한국 소비자원
542,엄마 나 핸드폰 액정 망가져서 수리 맡기고 pc 문자 사이트로 문자하고 있어 엄마 보면 문자 줘 전화받다가 떨궜어 엄마 지금 바빠? 내가 급한 일 있어서 그러는데 부탁 하나 해도 될까? 지금 온라인에서 상품권 할인행사가 많아서 내가 지금 바로 구매 신청해야 하는데 폰 수리 맡겨서 인증받을 수가 없어 신청 안돼 지금 구매 신청하는 사람이 많아서 바로 신청해야 하는데 먼저 엄마 명의로 구매 신청하면 안될까?
543,아빠 나 폰 액정 깨져서 AS 맡기고 임시폰 대리 받아 연락했어 통화 안 되니까 문자 확인하면 답장 줘 계좌 인증하고 받아야되서 아빠 어느 은행 계좌 있어? 잔액 없어도 가능해          
544,본인 등본상 주거지로 2회에 걸쳐 해당 서류 발송을 하였으나 반송으로 인하여 부득이하게 통신 고지해드립니다. 빠른 시일에 상기 연락처로 연락 주시기 바랍니다.
545,고객님 명의의 공인인증서가 해외 IP 접속 확인되었습니다. 본인 아닐 시 즉시 연락요망 KB 사고예방센터
546,[제목없음] 엄마 카드 인증이 필요한데.… 비씨 우리 기업 새마을 제일 우체국 신협 인증이 잘 돼.. 엄마 지금 가지고 있는 카드 사진 앞면 뒷면 부탁할게 엄마~
547,"[Web발신] [아마존닷컴] 484,682원 구매 완료. 본인 아닐 경우 소비자보호센터"
548,아빠 나 폰 고장 나서 AS 맡겼어 통화 안되니까 이 번호로 문자 줘 아빠 지금 안 바쁘면 부탁 하나만 들어줘 지금 폰 보험 신청하려고 하는데 폰이 켜지지 않아서 인증을 받지 못해 그래서 말인데 내가 아빠 폰 연결해서 신청하면 안 돼?
549,"[국제발신] [쿠팡] 해외결제 689,900원 완료 코드번호61** 본인 아닐 경우 소비자 보호센터"
550,엄마 내 거 폰 수리 맡기려고 매장에 왔어 이 번호가 임시 사용하는거라 통화 안 되고 카톡도 안돼 문자만 가능해 부탁할 거 있으니 답해줘~
551,금융감독원 은행 전산보안팀 이동수 과장입니다. 본인 앞으로 해킹 유출 연락드렸으나 부재중으로 연결 안 됩니다. 빠른 보안 강화하세요.
552,엄마 나 폰 떨궜는데 액정이 깨져서 AS 맡겼어 지금 통화가 안 돼서 피시로 문자하는 거야 부탁할 거 있어 여기로 문자 줘
553,다름 아니고 온라인 문화상품권을 구매 신청해야 하는데 폰 인증이 안 돼서 신청을 못하고 있어 엄마 명의로 대신 먼저 신청하면 안 될까? 엄마가 직접 신청할 수도 있고 어려우면 내가 대신 신청할 수도 있어 엄마 내가 신청하려면 엄마 주민등록증이 필요해 사진 찍어 보내줘 이미지 등록해야 하는 거라.
554,[Web발신] (광고) 어머니 하늘나라 가신 것 축하드립니다 불만 있으시면 전화하세요
555,엄마 지금 바빠? 잠깐 문자 가능할까? 바쁘지 않으면 부탁 하나만 해도 돼? 나 지금 급하게 쇼핑몰에 주문할 거 있는데 나 폰 인증을 못하니 할 수가 없네.. 엄마가 회원가입하고 주문 좀 도와줘~ 컬처랜드 상품권 필요해서 그래 엄마 폰으로 쇼핑몰에서 주문 신청하면 되는데.. 엄마가 할 줄 모르면.. 내가 컴퓨터로 엄마 명의로 주문 신청해 볼까?? 나중에 설명할게 급히 필요한 데 있어
556,"[머니코] 결제 승인번호(7090) 7월합산청구금액 952,000원 결제완료"
557,엄마 나 폰 고장나서 수리 맡기고 컴퓨터로 문자하고 있어 급해 전화는 안 되니까 하지 말고! 지금 편의점으로 가서 기프트 카드 구매해서 번호 불러줄 수 있어? ㅠㅠ    
558,엄마 나 전화 화면이 깨져서 수리 맡기고 문자나라 접해서 문자하는 거야 부탁이 있어서 그러는데 문자 보면 문자 답 줘
559,"엄마 나야. 폰 고장나서 통화 안 돼 시간 나면 이 번호로 문자해줘,,"
560,"[국외발신] [구글] 결제 콘텐츠이용료(PlayStore) 가격:321,000원          "
561,엄마 난데 폰 고장났어 통화 안 돼 이 번호 저장 후 카카오톡 추가해서 말해줘!
562,아빠 나야. 핸드폰이 차에 밟혀서 수리 중 이야. 나 급하게 부탁 하나만 해도 될까?  
563,"[Web발신] (주)현대페이 승인번호 697488 878,000원 결제완료 되었습니다. (주)현대페이"
564,삼촌 많이 바쁘신가요 ? 죄송한데요 삼촌 저 뭐하나 부탁드려도 되나요 저 지금 급히 결제할 데가 있어서 그러는데요 인터넷 뱅킹 비밀번호 오류초과 되어서 안 되고
565,엄마 나 폰 고장 때문에 수리 맡기고 임시번호로 연락하는 거야. 이 번호로 카톡 추가해서 톡 줘 급해
566,아빠 나 폰 물에 떨어뜨렸어 통화가 안 되는데.… 문자 확인하면 여기로 답 줘 폰 수리 맡기고 일단 보험금 신청하려고 통화는 저녁 쯤 가능할 거 같은데.…   
567,오빠 바빠? 폰 지금 고장 나서 수리 맡기고 컴퓨터로 카톡 하는 거야 급해서 그러는데 부탁 하나만 해도 돼? 어제 친구한테 받은 돈이 있는데 급하게 지금 다시 송금 해달라고 하는데 친구가 기다리고 있어
568,형수님 폰이 고장 나서 카톡 새로 만들었어요 이거 등록해 주시고 지금 바쁘세요? 형수님 저 부탁 하나만 드려도 될까요 아 지금 제가 급하게 이체해줘야 할 대금이 있는데 지금 인증서가 오류라서 이체가 안되거든요 그래서 드리는 말인데 형수께서 대신 이체 좀 해주실 수 있으실까요? 돈은 제가 5시까지 차질 없이 갚아드릴게요
569,엄마 나 폰 고장 나서 수리 맡기고 전에 문자나라 가입한거로 문자하고 있어 피시용이라 문자만 가능해. 문자 가는지 확인하고 있어. 문자 다시 보내줘. 엄마 다름이 아니라 지금 문화상품권이 필요한데 폰이 안 돼서 구매할 수가 없어 엄마가 대신 먼저 구매해 줄 수 있어? 지금 급히 필요해서 그래 편의점 가면 컬처 캐시 충전 영수증에 핀번호 찍혀 나오는 거 있어 그걸로 60만 원 어치 달라고 하면 돼 3만 원 20장~ 돈은 저녁에 돌려드릴게~ 지에스 가능해
570,누나 나 폰 액정 나가서 수리 맡기고 피시방 왔어 혹시 나 부탁 좀 들어줄 수 있어?
571,엄마 나 폰 고장 나서 수리 맡겼어. 급히 인증받을 거 있어서 엄마 거로 받아도 돼?
572,엄마 나 폰 고장 나서 센터에 수리 맡겨놓고 컴퓨터로 문자 보내고 있어 확인하고 답장 줘~ 통화 중 떨어뜨려서 액정이 나갔어. 수리 맡겼으니 괜찮아 그래서 말인데 부탁하나 하려고 그래 나 온라인으로 문화상품권 신청해야 되는데 내 명의로 안돼 엄마 명의로 신청하면 안 될까? 일단 엄마 신분증이랑 카드 앞뒤 사진 찍어 보내줘 그럼 내가 알아서 할게^^ 엄마 아직이야? 그래 네 면 잘 보이게 사진 찍어서 여기로 보내줘
573,엄마 뭐해? 나 지금 핸드폰 떨어뜨려서 폰이 먹통 되어버렸어 수신/발신도 안돼서 AS점에 맡기고 잠시 컴퓨터로 접속했어 뭐 하나만 부탁해도 돼? 엄마 혹시 잔고가 여유 돼? ㅠ 며칠 전 급한 사정으로 아는 선배한테서 빌린 돈 있는데 원래는 오늘 다시 보내주기로 하고 빌린 거야 근데 아까 폰이 터치 안 되는 상황에 계좌이체 여러 번 시도했더니 통장 비밀번호 오류가 떠서 못해주고 있어 선배도 지금 집 보증금 문제로 급히 넣어달래서 휴 금액 좀 커 1200만 원이야 돈은 오후에 다시 엄마 통장으로 넣어줄게 잔고가 그렇게 여유 돼? 저녁에 줄게 넣어줄 수 있어?
574,네 저xx에요 식사도 안하셧겟네요^^ 언니 한데 부탁하나해도될까요? 실은 제가 일때문에 급하게 송금해야될곳이 있느데 공인인증 때문에 못하고있어서요 언니 대신해주시면안될까요? 5시전으로 드릴께요         
575,매형 뭐해요? 매형 진짜 급해서 그러는데 부탁해도 될까요? 제가 지금 급히 송금 할 데 있는데 카드가 인증서 오류됐어요 매형 일단 도와주시면 안 돼요? 저녁에 돌려드릴게요 매형 제 대신 송금 해주세요 저녁에 꼭 돌려드릴게요 98만 원인데 해줄 수 있어요? 매형 제 이름으로 보내고 톡 줘요
576,엄마 뭐해? 나 폰 고장나서 카톡 새로 했어 친구 추가해 줘 추가했어? 음. 엄마 지금 바빠? 급히 부탁할 거 있어서 톡 했어 엄마 나 급히 송금할 거 있어서 그러는데.. 내 카드 오류가 떠서 이체가 안 돼 엄마가 대신 보내줘.. 돈은 폰 수리하고 저녁에 다시 넣어줄게 액수가 좀 커.. 600만 원 바로 가능해?
577,엄마 나 지금 휴대폰 액정 깨져서 as 맡기고 컴퓨터로 카톡 접속했어 바빠? 선배 일 때문에 급해서 그래 어제 선배한테 받은 돈 있는데 선배가 급하게 다시 보내달라고 해서 내 걸로 하려고 하니깐 인증서 오류 떠서 안돼 은행에 문의했는데 월요일에 이체 가능하대 월요일 오전에 다시 보낼게 먼저 선배 쪽으로 이체 좀 해줄 수 있어? 원룸 보증금이라 금액이 좀 커서 그래 600만 원이야
578,나 지금 미팅 중인데 일 있어서 언니한데 부탁 좀 하려구 제가 일 때문에 급하게 송금해야 될 곳이 있는데 공인인증 때문에 못하고 있어서요 언니 대신해 주시면 안 될까요? 5시 전으로 드릴게요 언니 나 지금 미팅 중이라서 끝나고 하면 안 될까?   
579,언니 많이 바빠? 그럼 잠깐 부탁 하나만 해도 돼? 나 지금 급히 결제해야 할 곳 있는데 인증서 비번 5회 오류라 이체가 안되네 가능하면 언니가 나 대신 결제해 줄 수 있어? 돈은 늦어도 오후 4시 전으로 넣어 줄게
580,엄마 나 지금 폰 고장 나서 공장에 맡겨서 카톡만 가능하거든ㅠ 근데 업체에 자금 넘겨야 하는데 돈이 필요해서 상품권 사이트에서 상품권 구매해서 상품권 좀 보내줄 수 있어?
581,엄마 지금 바빠? 엄마 미안한데 혹시 계좌 잔고 97만 원 정도 여유 되면 대신 먼저 입금 부탁할게 나 급히 지금 송금할 거 있는데 폰 고장 나서 뱅킹이 안 돼서 그래 나중에 오후에 폰 찾으면 다시 보내드릴게 입금하고 톡 줘 엄마
582,"제목없음 엄마 부탁 하나 해도 될까? 지금 쇼핑몰에 신세계 백화점 10만 원 상품권 5만 원에 구매 이벤트 당첨 등록해야 하는데~ 엄마가 인터넷으로 먼저 등록해줘. 엄마 할 줄 모르면, 엄마 명의로 내가 주문 등록해놓을게~ 엄마 주민등록증 앞면, 신용카드 앞면, 뒷면 사진 찍어 보내줘~ 그리고 택배 전화 가면 받고 먼저 택배 받아줘~"
583,엄마 ㅠㅠ 나 지금 핸드폰 액정이 나가서 폰을 as 맡기고 컴퓨터로 접속했어 나 지금 전화 고장으로 전화가 안 돼서 그래 톡을 줘 친구가 자기 통장이 이체한도가 찼다면서 원룸 보증금을 나한테로 받아놓은 거야 오늘 이체해 주기로 했는데 은행 인증서 오류 때문에 못해주고 있어 580만 원 이야
584,아빠 ~~ 바빠? 아빠 나 폰이 고장 나서 통화가 안 돼 ㅠㅠ
585,"이모, 부탁 하나만 드려도 될까요? 지금 폰 액정이 깨져서 AS 맡기고 급하게 컴퓨터로 접속했어요. 급한 일이 있어서.. 부탁 하나만 드려도 될까요? 어제 친구한테 받은 돈이 있는데 친구가 급하게 송금해달라고 해서요. 내 걸로 하려니 인증서 오류가 떠서 안되네요~ 은행에 물어보니 내일까지 기다리래서요. 이모가 먼저 보내주실 수 있어요? 풀리면 바로 돌려드릴게요. 부탁드릴게요."
586,아빠 나 지금 급하게 돈이 필요해서 20만 원만 보내주라 ㅜ 응 카드 한도 넘었데 ㅜ 급해 아빠 이것저것 산다고.. 다음 달부터 아껴 쓸게요 ㅜ
587,반가워요 물어볼게 좀 있으니 확인하면 메시지 부탁해요 늦게 미안합니다 다른게 아니고 석박사 과정 중국 유학생이 있나요
588,휴일 방해해 미안하네요 질의서 초안은 오후에 보내줄게요 다른 부탁 하나 더 해야 하는데 혹시 위안화 환전을 좀 도와줄 수 있겠나요 계좌를 지정해 주면 보내줄테니 중국 계좌로 위안화 송금을 도와줄 수 있는 사람을 찾고 있는데
589,"응 아빠 아빠 나 폰 바꿔야 될 것 같아 민증 두고 나왔는데 본인인증 안되니 아빠 명의로 해도 돼? 아빠 명의로 하는 거라 아빠 민증하고 신용카드 앞,뒤면 필요한데 아빠 사진 찍어 이쪽으로 보내줘도 돼"
590,엄마 바빠? 나 지금 폰 액정이 나가서 급한 대로 수리 맡기고 컴퓨터로 톡 접속 중이야 컴퓨터로 해서 아마 친구 추가 뜰걸?
591,엄마 뭐해? 나 폰 고장나서 톡 새로 깔았어 응 식사는?
592,이모~ 잘 지내시죠 이모 이모 바쁘세요? 다름이 아니라 지금 급히 돈 보낼 곳 잇는데 보안카드 집에 두고 나와서 이체가 안 돼서 그래요 가능하시면 대신 이체 좀 해주시면 안될까요? 돈은 4시 전으로 보내드릴게요 보이스톡 해요 부재중 폰 수리 중이라 피시로 카톡하고 있어요 보이스톡 해요
593,아빠 지금 바빠? 아 그래.. 혹시 지금 송금할 수 있어? 일 때문에 송금해 줄 곳 있는데 바로 못하고 있어서ㅠ 520만 원인데 바로 가능해? 6시쯤 바로 돌려줄게 은행 어느 쪽으로 할 거야?
594,엄마 뭐해^^ 그래 ~^^ 엄마 나 부탁 하나 들어줄래^^ 엄마 잔고 여유 되면 매니저한테 대신 송금해줄래? 지금 연말이라 행사하느라 바빠서 정신이 없어서 그래… 570만 원 물어보고 톡 할게 여기로 보내달래 엄마 보내고 톡 해~ 엄마 몇 시 쯤이면 끝나 ?? 엄마^^ 미안해 600 더 보내주면 안 될까 ?? 잔고 되면 한 번 더 부탁할게요 엄마^^
595,"큰어머니~ 계세요? 머 하세요? 아네~ 그게,. 실은 저 부탁 하나 하려고 톡 드렸어요~ 저 지금 전화할 상황이 아니라서 톡 드린 거예요~ 실은 제가 지금 급하게 송금할 곳이 있는데요. 제 거 통장 공인인증 때문에 할 수가 없네요ㅠ 그래서 말인데요~여유 되시면 큰어머니가 저 대신 먼저 좀 해주시면 안 될까요?"
596,아빠 핸드폰 고장났어
597,[Web발신] 할 말이 있어서요.. 폰이 고장나서 카톡으로 볼 수 있어서 번호 저장하고 카톡 주실래요?
598,지금 핸드폰 액정 나가서 매장에 맡기고 컴퓨터로 카톡하고 있어
599,오빠 나 이제 카톡된다 이거 추가해줘요 어떻게 지내고 있어요? 카지노 뷰 온라인 카지노 선두 업체 뷰 카지노 입니다. 가입만해도 2만원 지급 첫 입금 5%
600,아빠 나 폰 고장나서 수리 맡기고 컴퓨터로 문자 보내는거야 급하게 부탁할 일이 있어 통화가 안되니깐 문자 확인하면 이 번호로 카톡 추가하고 카톡으로 먼저 말 걸어줘 컴퓨터용 카톡이라서 통화는 안돼
601,엄마 뭐해? 핸드폰 액정이 나가서 수리센터에 수리 맡기고 전에 내 영의로 가입해놨던 인터넷 문자 사이트로 문자 하는 거야 급하게 부탁이 있어 컴퓨터 문자사이트로 하는거라 통화가 안되니깐 문자 확인하면 이 번호로 카톡 추가하고 카톡으로 말 남겨줘
602,엄마 내 폰 고장났어 매장 아저씨 폰으로 문자하고 있어 부탁할게 있어 이 번호로 카톡 추가하고 톡줘
603,엄마 난데 넘어져서 폰 깨져서 이 번호로 문자했어
604,엄마 나 지금 폰 고장나서 매장에 수리 맡기고 지금 문자사이트로 문자하고 있어 엄마 바빠?
605,엄마 나 폰 고장나서 수리 맡기고 급한대로 예전에 내 명의로 가입해놨던 문자 나라로 문자하고 있어
606,피시용이라 문자만 가능해 엄마 확인하는 대로 답장 줘
607,엄마 지금바빠?
608,엄마 나 폰액정이 나가서 잠시 대리 받았는데 문자만 가능해 부탁할 거 있는데 문자줘
609,나 온라인으로 문화상품권 신청해야 되는데 내 명의로 안돼 엄마 명의로 신청하면 안될까?
610,일단 엄마 신분증이랑 카드 앞뒤면 사진 찍어 보내줘 그럼 내가 알아서 할게 
611,"[Web발신] 결제완료 2018/11/29 12:31 사용 97,000원"
612,[Web발신] (광고) 이규현 우진 비앤지 선생님만 계속 놓치고 계시네요
613,[Web발신] (광고) 이프로 우진비엔지 상한가 다음 정보주도 놓치실건가요?
614,아빠 다했어 주민등록증하고 카드사진 앞뒤면 찍어서 보내줘
615,엄마 핸드폰 수리비가 많이 나와서 통신사 회원가입하면 30% 할인 해준다고 해서 거기에 회원가입 하려고 그래 엄마
616,엄마 주민등록증 사진 찍어서 이 번호로 보내줘 엄마폰으로 인증 받는거라 엄마 민증이 필요해
617,엄마 바빠?
618,온라인에서 사이트 가입신청 하는데 폰 인증이 필요해 나 폰이 고장나서 엄마 폰으로 대신 인증해줘
619,"엄마 카드 인증이 필요한데 엄마 가지고 있는 카드 사진 앞면, 뒷면 부탁할게"
620,"[형사 4부] 공공기관의 정보공개에 관한 법률 제 9조 제 1항 제 6호에 근거하여 무단 반출시 엄격한 법의 제재를 받게 됩니다. 전자수집 인지를 위 변조 및 중복 사용 할 경우, 조세범처벌범 제 12조 제 4호에 의해 2년 이하의 징역 또는 2천만원 이하의 벌금형"
621,"[Web발신]결제안내 마켓/주문번호 201800719-000753의 주문이 완료되었습니다. 결제승인번호(2731)금일 484,200원이 결제 완료되었습니다. 6월 합산금액 968,400원 결제 되었습니다."
622,삼촌!!
623,저 취업 기념 추석 선물로 친척들께 상품권 드리고 있어요!
624,이거 링크 들어가시면 모바일 상품권 쓸 수 있어요!
625,엄마 나 폰 고장 때문에 수리 맡겼어 지금 임시번호로 문자하는거라 통화 안되니까 문자 확인하면 답장줘
626,[네이버페이] 승인번호 3628** USD 315$ 결제완료 본인 아닐 경우 즉시 신고요망.
627,"[국외발신] [이베이] 969,000원 완료"
628,"[PAYMALL] 959,000원 확인완료 확인번호[4**25]"
629,"[국제발신] 해외결제 승인 780,000USD 본인이 아닐시 즉시 소비자원 신고"
630,"[국제발신] [아마존닷컴] 인증번호 75** KRW 459,700 본인아닐시 신고요망"
631,엄마 나 핸드폰 고장나서 수리맡겼어 임시번호라 통화는 안되니깐 카톡추가하고 톡해줘~
632,50만 원
633,5만원권짜리 10장이면 돼
634,아빠 지금 티몬에서 이거 구매해줘 5만 원 권인데 지금 3프로 할인 판매 중이거든 로그인하고 절차에 따라 구매하면 돼
635,아빠 나 폰에 물 들어가서 전화 먹통 됐어 지금 수리 맡겼어 급히 부탁할 거 있어 여기로 바로 답장줘~
636,[국제발신] [아마존] USD - 423$ 결제승인
637,아빠 나 넘어져서 폰 깨졌어 다행히 다친데는 없어~~ AS 센터에 수리맡기고 이 번호로 문자 보내는거야. 전화는 안되니까 확인하면 문자줘~
638,엄마 나야 핸드폰 고장나서 수리맡겼어. 지금 액정보험 신청하려는데 내 폰 수리맡겨서 신청이 안돼 엄마 명의로 먼저 신청해도 돼?
639,"엄마 바빠? 나 핸드폰 고장나서 인터넷 번호 신청하고 문자하는거야, 머하고있어?"
640,떨어뜨려서 액정이 다 나갔어
641,핸드폰 액정 보험 나오는데 회원가입 하고 폰으로 인증 받아야되는데 내 폰으로 인증 받을 수 없어서 엄마 이름으로 회원가입 하고 인증 받아줄 수 있어?
642,내 폰으로 인증 안돼서 엄마 명의로 신청하는 거야 부탁할게
643,보험금 들어가면 엄마 가져
644,[Web 발신] [부산 경찰서] 귀하의 사건이 사이버 수사관에게 배당되었습니다.
645,"[Web 발신] 경찰서 사이버팀 경장 귀하의 민원사건에 대하여 계속하여 수사 진행 중에 있으며, 중간중간 연락드리도록 하겠습니다."
646,[Web 발신] [교통법규 위반 통지] 교통 처벌 통지서(미 처리) 발송 완료
647,[CJ 통운] 운송장 번호[7*815] 주소지 미확인.. 반송처리 주소 확인.
648,엄마 다름 아니라 지금 상품권 좀 필요한데 엄마 대신 먼저 구매해 줄 수 있어?
649,"[Web 발신] [네이버 PAY] 삼성 지펠 냉장고 SM-0982 1,630,000원 결제 완료"
650,"고객님 삼성 지펠 냉장고 상품번호:872910 988,000원 결제 완료"
651,"[국제 발신] [결제 확인] 코드번호:[8**3] KRW:980,720원 완료"
652,엄마 나야 폰 액정 나가서 센터에 수리 맡기고 급한 대로 예전에 내 명의로 가입해놨던 문자나라로 문자하고 있어 피시용으로 문자만 가능해 부탁이 있어서 문자했어 확인되는 대로 답 줘..
653,엄마 나 폰 고장 나서 수리 맡겼어 컴퓨터라 문자만 가능해 문자 가는지 확인하고 있어 문자 보내줘
654,"[Web발신] 엄마ㅠ 내 거 폰 액정 나가서, 지금 컴퓨터로 메시지 보내는 거야. 확인하면 답 줘~"
655,[Web발신] [CJ오쇼핑] 택배에 있는 거주지를 찾을 수 없습니다
656,"[Web발신] 엄마 나 휴대폰 고장나서 AS 맡기고, 문자 한 거야. 시간날 때, 이 번호로 문자해줘."
657,나 지금 온라인 문화상품권을 구매 신청해야 하는데 폰 인증이 안돼서 신청을 못하고 있어 엄마 명의로 대신 먼저 신청해도 돼?
658,아빠 내 폰이 고장 나서 수리 맡겼어. 통화는 안 되니까 이번 호로 카톡 추가해서 문자 줘
659,내 폰이 고장 나서 통화가 안 되니까 카톡 추가하고 카톡으로 말 남겨줘 급하게 부탁할 거 있어
660,수사 내역입니다 (검찰)
661,엄마 지금 먼저 44만 원 입금해 줄 수 있지?
662,국민은행 예금주 대성산업 22750104417824 농협은행 예금주 더 에비뉴
663,친구 결혼식 때도 못 가고.. 생일 때도 못 갔고.. 빌려준 돈 부쳐야 돼 총 98만 원
664,이모 바빠요?
665,나야 엄마
666,지금 핸드폰 액정이 깨져서 매장에 수리 맡기고 pc로 카톡 하고 있어 ㅠㅠ
667,시간되면 톡 좀 줘
668,엄마 쇼핑몰 지마켓이나 티몬 있어?
669,폰 수리 중이라 폰 인증을 받을 수 없어 구매가 안되네 ㅠㅠ
670,"아이디, 비번 줘"
671,장바구니에 넣을게
672,결제 좀 해줘
673,"엄마 이용통신사, 폰 명의 이름, 자주 사용하는 계좌번호 보내줘 계좌 연동할게"
674,엄마 ㅠㅠ
675,그냥 링크 보내줘?
676,장바구니에 안 들어가
677,그럼 일단 구매해 줘 엄마
678,80만 원 어치만 사면 돼 엄마
679,엄마 지금 바빠?
680,숙모 뭐하세요?
681,숙모 뭐하세요 ~?
682,숙모 저 부탁 하나만 해도 될까요?
683,저 지금 일 때문에 이체해야 할 곳이 있는데 내 건 지금 공인인증이 안돼서요
684,엄마 뭐해?
685,나 폰 고장 나서 센터에 수리 맡기고 잠깐 pc로 접속 중이야
686,바빠?
687,엄마 안 바쁘면 나 부탁 좀 ㅠㅠㅠ
688,뭐 하려고 해도 폰 없어서 아무것도 안되네
689,엄마 잠깐 편의점 들러서 구글 기프트 카트 사줄 수 있어?
690,지금 급하게 필요한데 ㅠㅠ
691,아무것도 되는 게 없어
692,돈 없어서 그러지 지금 ㅠㅠ
693,지금 그럼 나가서 사줘 잠깐만
694,주소는 왜ㅜ 여기 오려구?
695,알았어 먼저 카드 사줘 엄마 지금 그게 문제가 아냐
696,먼저 카드사고 사진찍어줘
697,알려줄게 그때 지금 카드가 중요해
698,저렴한 물건 매입 하려다가 결제하다가 계좌 인증서 오류 생겨서 급히 고모한테 부탁하는 거야 ㅠㅠ
699,저녁에 오후 3시 전으로 처분되는 물건이라 바로 보내줄 수 있어 고모
700,가능하면 부탁할게 고모
701,결제하다가 계좌 인증서 오류 생겨서 그러는데 잔고 여유 되면 먼저 대신 송금 한 번 해줄 수 있어? 저녁에 늦지 않게 처분되는 대로 다시
702,엄마 폰 고장 나서 지금 센터에 맡기고 나왔어. 친구 폰으로 문자하는 거니깐 이쪽으로 문자 줘~
703,엄마 바빠?
704,핸드폰 액정 깨져서 폰 매장에 수리맡기고 컴퓨터로 카톡 하고 있어 ㅠㅠ
705,떨어뜨렸어 ㅠㅠ
706,엄마 나 문화상품권 구매 부탁을 받았는데 폰이 고장나서 살 수가 없네. 돈은 이미 받았거든.
707,엄마가 먼저 사주면 안될까?
708,편의점 가서 컬쳐 캐쉬 3만원권 영수증으로 발행되는거 구입 한다고하면 알거든
709,왜냐면 요즘 수수료 벌려고 대량으로 구글 기프트카드 구매하는 거 때문에 업체에서 구매제한 있거든 그니까 꼭! 엄마 선물하려고 구매하는 거라고 얘기해야 돼 알았지?
710,구매하고 여기로 카톡 줘 엄마
711,엄마 아직이야?
712,엄마 바빠?
713,엄마
714,당연하지 엄마
715,액정나가서 지금 수리중이야 ㅠㅠ
716,지금 수수료 벌려고 그래 엄마
717,"매형, 죄송한데 부탁이 있어서 톡 드렸어요"
718,지금 급히 송금할게 있는데 갑자기 공인인증이 안 돼서 송금 못하고 있는데….
719,엄마 도와줄 거지
720,천천히 해봐
721,가입하고 구매 누르고 결제는 신용 카드 등록해서 결제하면 돼 엄마
722,엄마 구매 중이야? 구매하면 핀번호 문자로 올 거야. 여기 카톡으로 보내주면 돼
723,혹시 이모 95만 원 여유 되면 대신 먼저 송금해 주면 안될까요?
724,이따 공인인증 갱신되면 바로 보내드릴게요
725,지금 바로 가능하세요?
726,카카오 3333-01-2262241
727,이모 입금자 저 이름으로 남겨줘요
728,엄마 ~
729,엄마 왜다 환불 신청했어?
730,나 급해서 그러는데 50만 원만 지금 바로 보내줘
731,상품권 10만 원짜리 10장만 사서 핀번호 보내주면 안 돼?
732,은행 앱 가서 살려니 폰이 안돼서 그래
733,아빠~~
734,바빠요?
735,아빠 나 지현이예요
736,폰이 고장나서 수리를 맡겼어요
737,왜 그래 아빠 나 지현이 맞는데
738,지금 인증서 오류 때문에 이체가 안 되서 그래
739,가능하면 제 이름으로 보내줘요 고모
740,부탁받은거야
741,6% 할인이라 10장이면 6만 원 이득보거든
742,엄마 위메프 아이디 없지?
743,아이디 만들어서 장바구니에 담아놓을게
744,카드로만 결제가 되거든
745,여기로 보내줘
746,비번 보고 바로 삭제할게ㅜ
747,아이디는?
748,롯데는 한 번에 한 장씩 3장 밖에 주문 안 되는데
749,현대카드로 결제 도와줘
750,장바구니에 10장 담아놓았어
751,6% 할인이라 6만이 득 볼 수 있어
752,전화 안 되잖아
753,엄마 꺼 위메프 아이디가
754,대출 받으시려면 파일을 설치하고 신청서를 작성해주세요.
755,고모
756,고모 부탁 하나 해도 될까요?
757,고모 급히 송금할 거 있는데 대신 보내줄 수 있어요?
758,엄마 지금 바빠?
759,입금됐대?
760,거래내역서 보여줘 엄마
761,엄마 한 번만 더 부탁드릴게 95만 원 여유 더 되면 입금 부탁드릴게
762,이따 폰 찾으면 바로다 입금해 드릴게 엄마
763,머해 바빠?
764,엄마 나 뭘 좀 구입해야 되는데 핸드폰 수리 맡겨서 인증 안돼~ 일단 엄마 카드로 구입해도 돼?
765,엄마
766,신한은행 카드 있어?
767,엄마 핸드폰 수리 다 되면 엄마 계좌로 100만원치 이체해놓을게
768,93만 원만 쓸게
769,엄마
770,엄마
771,돈 이체해야 할 곳이 있는데 엄마가 대신 먼저 보내줘
772,이따 오후에 엄마 계좌로 다시 보내줄게
773,엄마 뭐해 ?
774,지금 바빠 ?
775,핸드폰 액정이 깨져서 매장에 맡겨두고 컴퓨터로 카톡 보냈어..
776,친구랑 통화하다가 폰 떨궜어 ㅠㅠ
777,액정이 고장났어 아까 대리점에 맡겼어 폰은 수리 때문에 빠르면 오후에 찾을 수 있고 늦으면 내일 쯤 찾을 수 있대
778,엄마 지금 뭐해 바빠?
779,그래서 대리점에서 나 보고 폰 액정 보험금 환불 신청 해라고 하는데 지금 인증받지 못하고 있어 … 엄마 폰으로 인증 받아줄 수 있어?
780,인증절차가 좀 복잡해서 그러는데.. 엄마 폰 내가 연결해서 할께 링크 보내면 클릭하고 설치해줘..
781,링크 클릭하고 설치하기 눌러줘 엄마
782,어제 친구돈을 내 카드로 받은거 있거든 오늘 보내달라고 해서 보내려고 그러는거야
783,엄마 어떻게 안될까?
784,엄마
785,엄마
786,엄마
787,엄마 지금 바빠?
788,아~ 엄마 미안한데 혹시 계좌잔고 97만 원 정도 여유되면 대신 먼저 입금 부탁할게
789,나 급히 지금 송금할 거 있는데 폰 고장나서 뱅킹이 안되서 그래
790,오후에 오류 풀리면 바로 다시 보내줄게
791,엄마 바빠?
792,나 폰 액정 나갔어
793,컴퓨터로 하고 있어
794,수리 맡겼어
795,as
796,아빠 바빠?
797,아빠 나 부탁 하나만 들어주면 안될까?
798,급히 송금할 일이 있는데 보안카드를 안 가지고 나와서 은행갈 상황도 안 되고 해서
799,저녁에 돌려줄게 아빠가 먼저 98만 원만 송금해 주면 안 될까?
800,이모 여유 되시면 저 대신 먼저 96만 원 송금해 주면 안될까요?
801,이따 오후에 저 인증 갱신되는 대로 바로 보내드릴게요
802,지금 바로 가능하시죠 ?
803,엄마 지금 바빠? 
804,지금 핸드폰 액정 나가서 매장에 맡기고 컴퓨터로 카톡 하고 있어
805,엄마 지금 시간 괜찮아?
806,문화상품권 구매 부탁을 이미 받아놔서 입금도 받은 상태인데 지금 폰이 고장 나서
807,내꺼로 인증이 안돼서 엄마가 우선 먼저 구입 좀 해줄래?
808,네이버에서 구매 가능한데 거기 링크 띄워줄게 가능한지
809,엄마
810,폰 배터리가 없어서 pc카톡으로 톡했어
811,내가 친구한테 빌린 돈을 급히 갚아야 되는데
812,은행 보안카드를 잃어버려서 ㅠㅠ 돈을 못 보내고 있어
813,급해서 그러는데 일단 엄마가 송금해 줄 수 있어???ㅠㅠㅠ
814,바빠? 미안한데 나 급히 보내줘야 할 곳이 있어 그러는데 30만 원 이체 가능하면 대신 보내줄래? 낼 바로 줄게
815,최종철 1337 02 023058 농협은행
816,보내고 톡줘
817,내가 보내줘야 할 내 친구야 오늘따라 카드 잃어버려서 ㅠㅠ대신 보내줘 낼 줄게
818,"신청하신 품목 960,520원 완료"
819,[Web발신] 첫 이용 감사드립니다 항상 최선을 다하겠습니다
820,아빠 나 폰 떨어뜨려 액정 다 나갔어 ㅠㅠ 전에 친구 폰으로 가입한 문자나라로 문자하고 있어 메시지만 가능해 잠깐 시간 되면 부탁 하나 하려고~
821,작은엄마 저 부탁있어요
822,저 오늘 결제해 주기로 한 거 있는데 작은엄마 먼저 송금해 주시면 안 될까요
823,저 내일 작은엄마 계좌에 이체해 드릴게요
824,엄마 나야 폰 고장 나서 수리 맡겼어. 이 번호 저장하고 카톡 추가해서 카톡으로 말해줘
825,엄마 나 핸드폰 문제 생겨서 수리 맡기고 임시 번호 받아서 카톡 가입했어 전화는 안 되니까 카톡 ID wert5436 추가하고 문자 줘~
826,[Web발신] [코로나19] 코로나19 전자예방접종증명서 발송 완료
827,아빠 나 폰 땜에 톡 새로 신청했어 이거 추가해
828,아빠 나 핸드폰 고장 나서 수리 맡기고 컴퓨터로 문자하는 거야 급하게 부탁할 일이 있어! 통화가 안 되니까 문자 확인하면 이 번호로 카톡 추가하고 카톡으로 말 남겨줘 컴퓨터로 신청한 카톡이라 통화는 안 돼
829,피씨로 접속해서 안되나 봐 엄마
830,그냥 여기로 해
831,엄마 언제 시간 되는데?
832,엄마?
833,엄마 뭐 하고 있는 거야
834,편의점 가서 구글 기프트카드 20만 권 2장 구매해 줄 수 있어?
835,필요해서 그래 돈은 좀 잇다 보내줄게
836,휴 지금 은행까지 나가다 올 상황도 안되고 해서요 미안한데 잠깐 여유 되면 결제 하나 먼저 부탁해도 돼요?
837,엄마~나 폰 고장 나서 수리 맡기고 컴퓨터로 잠깐 문자만 하고 있어 컴퓨터로 하는 거라 문자만 가능해. 부탁할게 있는데 문자 줘 엄마~
838,엄마 ~나야 폰 깨져서 수리 맡겼어 잠시 이 번호 사용하고 있어 확인되면 여기로 답장 부탁해~
839,바빠?
840,이모 부탁 있어 그러는데…
841,"급히 송금할 거 있는데, 이모 먼저 보내주면 안 돼?"
842,내일 오전으로 보내줄게..
843,나 지금 폰 액정 깨져서 as 맡기고 컴퓨터로 접속했어
844,급한 일 있어서 그러는데 엄마 부탁 하나 해도 돼?
845,어제 친구 부탁으로 받아준 돈 있는데
846,먼저 친구한테 돈 보내주라고 엄마
847,돈은 오후에 은행 오류 풀리면 다시 보내줄게
848,엄마가 친구한테 보내줘 먼저 
849,나머지 내가 구해볼게
850,휴 조금만 더 구할 수 없어?
851,돈은 오후에 바로 보낼게 걱정 마 엄마
852,한테 부탁할 게 있어서 톡 했어
853,급히 결제할 거 있는데 폰 고장 나서 이체가 안돼서 그래
854,엄마 잔고 여유 되면 나대신 송금하나 먼저 해줄 수 있나 해서 톡 했어
855,번호 변경했어 카톡 줘 4월 초쯤 밥이나 같이 먹자 카톡 해 ㅋㅋ
856,이모 부탁드릴게요 ㅠㅠ
857,98/97만 원 두 번 나눠서 해주실 수 있으세요? 번거롭게 해서 죄송해요
858,이모 보내면 톡주세요~
859,거래처 사람이요 어제 받아놓은 계좌라 ㅠㅠ 이모 부탁드릴게요
860,이모 언제쯤 가능하세요?
861,알겠어요~ 입금하면 톡해주세요
862,엄마
863,바빠?
864,나 지금 액정나가서 폰 수리
865,이모 입금되면 명세표 보내줘요
866,고마워요 이모 확인할게요
867,이모 계좌번호 보내줘요
868,이따 오후에 늦어도 4시 전으로 입금할게요
869,형수님 많이 바쁘신가요?
870,저 잠깐 부탁할게 있어서요
871,전화로 이야기하기 불편해서 톡 드린 거예요 형수님
872,다른게 아니라
873,지금 급히 결제할 곳 있는데 실수로 인증서 비번 5회 오류 때문에
874,이체가 안돼서 그래요 ㅠㅠ
875,수사중인 내용과 관련하여 문의할 사항이 있습니다.
876,연락부탁드립니다.
877,엄마가 그냥 도와줘 ㅠㅠ
878,네이버로 싸게 구입해야하는건데
879,엄마꺼 네이버 아이디있어 ?
880,엄마 지금 어디야?
881,80만원이요 이모
882,돈은 제가 늦어도 인증서 풀리는 대로 오후 3시 전으로 보내드릴게요 이모
883,잠시만요 이모
884,어머님 바쁘세요?
885,지금 폰이 고장나서 컴퓨터로 톡하고 있어요
886,어머님 부탁할 거 있어서 그래요
887,네 고장나서 수리부에 맡겼어요
888,ㅜㅜ 내 통장으로 보내면 어떻게 내가 송금할 수 없다니까 보안카드 때문 내가 송금할 수 없으니까 부탁했지 ㅠㅠ
889,저녁에 돌려줄게 입금 좀 해줘 계좌 알려줄게
890,엄마 좀 급해서 그러니 최대한 빨리 좀 부탁할게
891,98만 원만 보내면 돼
892,네 알겠어요
893,몇 분 걸리나 해서요
894,지금 사람 만나고 있어서 통화하기 곤란해요 처리하고 전화해 설명드릴게요
895,알겠어요 이모
896,이따 입금하고 연락드릴게요
897,제가 송금해야 할 계좌에요
898,네 그럼요 이모
899,왜요 ?
900,설치 끝나고 열기하면 귀하의 아이디라고 9자리 숫자가 있을 거야 아이디 나한테 보내주면 돼
901,금방이면 돼 엄마
902,아빠 뭐해 바빠?
903,내꺼 폰 고장 나서 as 수리 맡기고 컴퓨터로 카톡 올랐어
904,이 카톡 친구추가해줘
905,응 아빠
906,나 지금 문화상품권 필요한데 폰이 고장 나서 통화도 안 되고 인증 안돼서 구매 못하고 있어
907,이모부 뭐하세요 ?
908,네 제 새카톡이예요 ㅋㅋ
909,모르겠어요
910,그럼요 ㅋㅋ
911,이모부도 잘있죠
912,다름이 아니라 제가 지금 학원 선생님한테 학원비 보내야 하는데 수업 중이라 이모부께서 먼저 저 대신 보내주시면 안 될까요
913,엄마~ 내 거 폰 액정이 깨져서 A/S 맡겼어ᅲ 부탁할 거 있는데 여기로 문자 줘
914,안녕하세요 성함 생년월일 직업 기대출 내역과 연체 이력 좀 기재하여주십시오 기대출 내역은 어느 기관에서 얼마큼 받으셨는지 정확히 기재하여주시기 바랍니다 필요자금 함께 말씀해 주세요
915,잠시만 기다려 주십시오 상품 조 회 후 상담이어드리도록 하겠습니다
916,오래 기다리셨습니다 예상하셨겠지만 아쉽게도 서류접수가 안 되시는 상황이시고요. 정상적인 루트로는 대출이 힘드세요... 다만. 설계 방법이 한 가지 있습니다
917,안녕하세요~현대해상입니다^^
918,어머님이 자녀님 보험 점검 좀 해달라고 하셔서~ 연락드렸어요~
919,제가 본인인증을 받아야~ 전산으로 조회가 가능해서요~ 문자로 가는 숫자 6자리 알려 주심 되거든요~ 가능하실 때 연락 주세요^^
